#
# A fatal error has been detected by the Java Runtime Environment:
#
#  EXCEPTION_ACCESS_VIOLATION (0xc0000005) at pc=0x00007ff83fb0943b, pid=25100, tid=5388
#
# JRE version: OpenJDK Runtime Environment Microsoft-14940689 (17.0.20.1+1) (build 17.0.20.1+1-LTS)
# Java VM: OpenJDK 64-Bit Server VM Microsoft-14940689 (17.0.20.1+1-LTS, mixed mode, sharing, tiered, compressed oops, compressed class ptrs, g1 gc, windows-amd64)
# Problematic frame:
# V  [jvm.dll+0x22943b]
#
# No core dump will be written. Minidumps are not enabled by default on client versions of Windows
#
# If you would like to submit a bug report, please visit:
#   https://github.com/microsoft/openjdk/issues
#

---------------  S U M M A R Y ------------

Command Line: -Dfile.encoding=UTF-8 --add-opens=java.base/java.util=ALL-UNNAMED --add-opens=java.base/java.lang=ALL-UNNAMED --add-opens=java.base/java.lang.invoke=ALL-UNNAMED --add-opens=java.prefs/java.util.prefs=ALL-UNNAMED --add-opens=java.base/java.nio.charset=ALL-UNNAMED --add-opens=java.base/java.net=ALL-UNNAMED --add-opens=java.base/java.util.concurrent.atomic=ALL-UNNAMED -Xmx2048m -Dfile.encoding=UTF-8 -Duser.country=ID -Duser.language=en -Duser.variant -javaagent:C:\Users\USER\.gradle-dist\gradle-8.5\lib\agents\gradle-instrumentation-agent-8.5.jar org.gradle.launcher.daemon.bootstrap.GradleDaemon 8.5

Host: 12th Gen Intel(R) Core(TM) i3-1215U, 8 cores, 7G,  Windows 11 , 64 bit Build 26100 (10.0.26100.8875)
Time: Wed Sep  2 03:22:23 2026 SE Asia Standard Time elapsed time: 143.411215 seconds (0d 0h 2m 23s)

---------------  T H R E A D  ---------------

Current thread (0x000002d59c191f40):  JavaThread "C2 CompilerThread1" daemon [_thread_in_native, id=5388, stack(0x000000f007400000,0x000000f007500000)]


Current CompileTask:
C2:143411 19786       4       org.jetbrains.org.objectweb.asm.ClassReader::readMethod (1061 bytes)

Stack: [0x000000f007400000,0x000000f007500000],  sp=0x000000f0074fae00,  free space=1003k
Native frames: (J=compiled Java code, j=interpreted, Vv=VM code, C=native code)
V  [jvm.dll+0x22943b]  (no source info available)
V  [jvm.dll+0x5b5a4b]  (no source info available)
V  [jvm.dll+0x5ae19c]  (no source info available)
V  [jvm.dll+0x2c20fd]  (no source info available)
V  [jvm.dll+0x2c17c0]  (no source info available)
V  [jvm.dll+0x2be765]  (no source info available)
V  [jvm.dll+0x2bedea]  (no source info available)
V  [jvm.dll+0x21f97f]  (no source info available)
V  [jvm.dll+0x21d375]  (no source info available)
V  [jvm.dll+0x1a8db6]  (no source info available)
V  [jvm.dll+0x22dcdb]  (no source info available)
V  [jvm.dll+0x22be66]  (no source info available)
V  [jvm.dll+0x7fc40b]  (no source info available)
V  [jvm.dll+0x7f67dc]  (no source info available)
V  [jvm.dll+0x68e6f7]  (no source info available)
C  [ucrtbase.dll+0x2cd30]  (no source info available)
C  [KERNEL32.DLL+0x2e957]  (no source info available)
C  [ntdll.dll+0xaad6c]  (no source info available)


siginfo: EXCEPTION_ACCESS_VIOLATION (0xc0000005), reading address 0x0000000000000010


Registers:
RAX=0x000002d59e817110, RBX=0x000002d59bf5bd70, RCX=0x000000f0074fe6a0, RDX=0x0000000000000000
RSP=0x000000f0074fae00, RBP=0x0000000000000048, RSI=0x000000000000000a, RDI=0x000002d5a4c3cd08
R8 =0x0000000000000061, R9 =0x0000000000000004, R10=0x00007ff913540000, R11=0x0000000000000000
R12=0x000000000000000c, R13=0x0000000000000000, R14=0x000000f0074fb040, R15=0x000000000000000a
RIP=0x00007ff83fb0943b, EFLAGS=0x0000000000010206

XMM[0]=0x0000000000000000 0x0000000000000000
XMM[1]=0x000002d59e2eb820 0x000002d5a4425e40
XMM[2]=0x000002d5a4ad0448 0x000002d5a44250b0
XMM[3]=0x000002d59bbb2cf0 0x000002d59bbb18b8
XMM[4]=0x000002d59ba8cba0 0x000002d59ba8c628
XMM[5]=0x000002d59a103f18 0x000002d59a103f18
XMM[6]=0x0000000000000000 0x0000000000000000
XMM[7]=0x0000000000000000 0x0000000000000000
XMM[8]=0x0000000000000000 0x0000000000000000
XMM[9]=0x0000000000000000 0x0000000000000000
XMM[10]=0x0000000000000000 0x0000000000000000
XMM[11]=0x0000000000000000 0x0000000000000000
XMM[12]=0x0000000000000000 0x0000000000000000
XMM[13]=0x0000000000000000 0x0000000000000000
XMM[14]=0x0000000000000000 0x0000000000000000
XMM[15]=0x0000000000000000 0x0000000000000000
  MXCSR=0x00001fa0


Register to memory mapping:

RIP=0x00007ff83fb0943b jvm.dll
RAX=0x000002d59e817110 points into unknown readable memory: 0x0000000000000048 | 48 00 00 00 00 00 00 00
RBX=0x000002d59bf5bd70 points into unknown readable memory: 0x00007ff84028f788 | 88 f7 28 40 f8 7f 00 00
RCX=0x000000f0074fe6a0 is pointing into the stack for thread: 0x000002d59c191f40
RDX=0x0 is NULL
RSP=0x000000f0074fae00 is pointing into the stack for thread: 0x000002d59c191f40
RBP=0x0000000000000048 is an unknown value
RSI=0x000000000000000a is an unknown value
RDI=0x000002d5a4c3cd08 points into unknown readable memory: 0x00007ff8402bf9a8 | a8 f9 2b 40 f8 7f 00 00
R8 =0x0000000000000061 is an unknown value
R9 =0x0000000000000004 is an unknown value
R10=0x00007ff913540000 VCRUNTIME140.dll
R11=0x0 is NULL
R12=0x000000000000000c is an unknown value
R13=0x0 is NULL
R14=0x000000f0074fb040 is pointing into the stack for thread: 0x000002d59c191f40
R15=0x000000000000000a is an unknown value


Top of Stack: (sp=0x000000f0074fae00)
0x000000f0074fae00:   000000000000000a 0000000000000000
0x000000f0074fae10:   0000000000000000 000000f0074fb040
0x000000f0074fae20:   000002d59bf5bd70 00007ff83fe95a4b
0x000000f0074fae30:   000000f0074fedf0 000000000000000a
0x000000f0074fae40:   000002d5a4c3cd08 00007ff8400eab60
0x000000f0074fae50:   000002d59f89cac0 000002d59a104e50
0x000000f0074fae60:   000002d59b140ca0 00007ff87fffff00
0x000000f0074fae70:   000000000000000c 0000000000000004
0x000000f0074fae80:   0000000000000d05 00007ff8400e8451
0x000000f0074fae90:   000000007fffffff 0000000000000001
0x000000f0074faea0:   0000000000000000 000002d59ee01418
0x000000f0074faeb0:   000000000000000c 000000000000000a
0x000000f0074faec0:   000002d5a4c3c968 0000000000000000
0x000000f0074faed0:   000002d5a4425e40 000002d553599380
0x000000f0074faee0:   000002d5535c1410 000000f0074fb040
0x000000f0074faef0:   000002d599612f00 00007ff83fe8e19c
0x000000f0074faf00:   000002d500000048 000002d59bf5bd70
0x000000f0074faf10:   000002d5a4426190 00007ff80000000a
0x000000f0074faf20:   000002d5535c1410 000002d5a4c3cd08
0x000000f0074faf30:   000002d5a4c36d18 00007ff83fb8a15c
0x000000f0074faf40:   000002d5a4c3c968 000002d5a4631100
0x000000f0074faf50:   0000000000000000 000002d59ee01418
0x000000f0074faf60:   000002d59b140ce8 0000000000000004
0x000000f0074faf70:   000002d59ee010e8 00007ff83f95baf4
0x000000f0074faf80:   000002d553416850 000002d59ee010e8
0x000000f0074faf90:   000002d59b140ca0 000002d59ee013a8
0x000000f0074fafa0:   000002d5a4425e40 000002d553416850
0x000000f0074fafb0:   000002d59a61d3d0 000002d59986f040
0x000000f0074fafc0:   0000000000000006 0000000000000001
0x000000f0074fafd0:   000002d5a4c36d18 00007ff83fba20fd
0x000000f0074fafe0:   000000f0074fb040 000002d5a4c36d18
0x000000f0074faff0:   0000000000000000 0000000000000000 

Instructions: (pc=0x00007ff83fb0943b)
0x00007ff83fb0933b:   01 00 00 00 48 8b f9 39 99 f0 01 00 00 7e 62 66
0x00007ff83fb0934b:   0f 1f 44 00 00 4c 8b 87 f8 01 00 00 8d 43 ff 48
0x00007ff83fb0935b:   63 d0 48 63 c3 49 8d 14 d0 49 8d 0c c0 e8 83 7a
0x00007ff83fb0936b:   ff ff 85 c0 78 15 ff c3 3b 9f f0 01 00 00 7c d5
0x00007ff83fb0937b:   48 8b 5c 24 30 48 83 c4 20 5f c3 48 8b 8f f8 01
0x00007ff83fb0938b:   00 00 48 85 c9 74 1a 48 63 97 f0 01 00 00 4c 8d
0x00007ff83fb0939b:   0d 50 7a ff ff 41 b8 08 00 00 00 ff 15 a4 b5 67
0x00007ff83fb093ab:   00 48 8b 5c 24 30 48 83 c4 20 5f c3 cc cc cc cc
0x00007ff83fb093bb:   cc cc cc cc cc 48 83 ec 08 4c 63 91 a8 01 00 00
0x00007ff83fb093cb:   4c 8b c9 4d 85 d2 7e 4a 33 c0 48 89 1c 24 44 8b
0x00007ff83fb093db:   c0 0f 1f 40 00 4d 8b 99 b0 01 00 00 49 8b 1c c3
0x00007ff83fb093eb:   8b 4b 2c 83 e1 3f 80 f9 27 75 1b 49 3b c0 74 13
0x00007ff83fb093fb:   4b 8b 14 c3 4b 89 1c c3 49 8b 89 b0 01 00 00 48
0x00007ff83fb0940b:   89 14 c1 49 ff c0 48 ff c0 49 3b c2 7c c7 48 8b
0x00007ff83fb0941b:   1c 24 48 83 c4 08 c3 cc cc cc cc cc cc cc cc cc
0x00007ff83fb0942b:   cc cc cc cc cc 48 83 ec 28 48 8b 91 d0 02 00 00
0x00007ff83fb0943b:   48 8b 42 10 8b 4a 20 4c 8d 04 c8 49 3b c0 73 1c
0x00007ff83fb0944b:   0f 1f 44 00 00 48 8b 10 8b 4a 2c 83 e1 0f 80 f9
0x00007ff83fb0945b:   09 74 33 48 83 c0 08 49 3b c0 72 e9 4c 8d 0d 92
0x00007ff83fb0946b:   88 72 00 41 b8 4a 04 00 00 48 8d 15 a5 88 72 00
0x00007ff83fb0947b:   b9 00 00 00 e0 e8 1b 39 02 00 e8 66 5e 46 00 33
0x00007ff83fb0948b:   c0 48 83 c4 28 c3 48 8b c2 48 83 c4 28 c3 cc cc
0x00007ff83fb0949b:   cc cc cc cc cc 48 89 5c 24 08 48 89 6c 24 10 48
0x00007ff83fb094ab:   89 74 24 18 48 89 7c 24 20 41 56 48 83 ec 20 48
0x00007ff83fb094bb:   3b 15 e7 3c 96 00 49 8b f0 48 8b fa 48 8b e9 0f
0x00007ff83fb094cb:   84 18 01 00 00 48 8b 02 48 8b ca 48 8b da 4d 8b
0x00007ff83fb094db:   f0 ff 50 58 84 c0 74 0b 48 8b cb e8 05 c7 f9 ff
0x00007ff83fb094eb:   48 8b d8 48 8b 0e 48 8b 51 58 48 8b ce ff d2 84
0x00007ff83fb094fb:   c0 74 0b 48 8b ce e8 ea c6 f9 ff 4c 8b f0 48 8b
0x00007ff83fb0950b:   0e 48 8b 91 b8 00 00 00 48 8b ce ff d2 84 c0 75
0x00007ff83fb0951b:   60 48 8b d7 48 8b ce e8 79 5b fa ff 84 c0 0f 85
0x00007ff83fb0952b:   b9 00 00 00 48 8b 03 48 8b cb ff 50 48 84 c0 74 


Stack slot to memory mapping:
stack at sp + 0 slots: 0x000000000000000a is an unknown value
stack at sp + 1 slots: 0x0 is NULL
stack at sp + 2 slots: 0x0 is NULL
stack at sp + 3 slots: 0x000000f0074fb040 is pointing into the stack for thread: 0x000002d59c191f40
stack at sp + 4 slots: 0x000002d59bf5bd70 points into unknown readable memory: 0x00007ff84028f788 | 88 f7 28 40 f8 7f 00 00
stack at sp + 5 slots: 0x00007ff83fe95a4b jvm.dll
stack at sp + 6 slots: 0x000000f0074fedf0 is pointing into the stack for thread: 0x000002d59c191f40
stack at sp + 7 slots: 0x000000000000000a is an unknown value


---------------  P R O C E S S  ---------------

Threads class SMR info:
_java_thread_list=0x000002d5a4e78b90, length=147, elements={
0x000002d535156bd0, 0x000002d553534ec0, 0x000002d553536130, 0x000002d55354ba20,
0x000002d55354c2f0, 0x000002d55354f370, 0x000002d55356fc50, 0x000002d55357c760,
0x000002d553583150, 0x000002d553589690, 0x000002d5535207a0, 0x000002d5537543b0,
0x000002d59a3ed900, 0x000002d59a3eb080, 0x000002d59a3eb590, 0x000002d59a3ede10,
0x000002d59a3ec9d0, 0x000002d59a3ebfb0, 0x000002d59a3ebaa0, 0x000002d59a3ec4c0,
0x000002d59a3ee320, 0x000002d5990239b0, 0x000002d5990234a0, 0x000002d599022060,
0x000002d599025d20, 0x000002d599025810, 0x000002d599023ec0, 0x000002d5990243d0,
0x000002d599022570, 0x000002d599027b80, 0x000002d599025300, 0x000002d599026230,
0x000002d599026c50, 0x000002d599028ab0, 0x000002d599028fc0, 0x000002d5990294d0,
0x000002d5990299e0, 0x000002d59bb33780, 0x000002d59bb36a20, 0x000002d59bb34bc0,
0x000002d59bb35af0, 0x000002d59bb36f30, 0x000002d59bb33c90, 0x000002d59bb355e0,
0x000002d59bb37440, 0x000002d59bb350d0, 0x000002d59bb36000, 0x000002d59bb36510,
0x000002d59bb37950, 0x000002d59bb38880, 0x000002d59bb397b0, 0x000002d59f2d3790,
0x000002d59f2d41b0, 0x000002d59f2d2d70, 0x000002d59f2d1930, 0x000002d59f2d1e40,
0x000002d59f2d0f10, 0x000002d59f2d2350, 0x000002d59f2d0a00, 0x000002d59f2d4bd0,
0x000002d59f2d3280, 0x000002d59f2d46c0, 0x000002d59f2d5b00, 0x000002d59f2d50e0,
0x000002d59f2d55f0, 0x000002d59f2d6010, 0x000002d59f2d2860, 0x000002d59f2d6520,
0x000002d59f2d6a30, 0x000002d59f2d7e70, 0x000002d59f2d7960, 0x000002d59f2d6f40,
0x000002d59f2d7450, 0x000002d59f2d8380, 0x000002d59bb3a1d0, 0x000002d599022f90,
0x000002d59c65a750, 0x000002d59c658e00, 0x000002d59c659310, 0x000002d59c659820,
0x000002d59c65a240, 0x000002d59c65ac60, 0x000002d59c65bb90, 0x000002d59c65b680,
0x000002d59c6583e0, 0x000002d59c65c0a0, 0x000002d59c6588f0, 0x000002d59c65e920,
0x000002d59c65d9f0, 0x000002d59c65d4e0, 0x000002d59c65df00, 0x000002d59c65ee30,
0x000002d59c65f340, 0x000002d59c65f850, 0x000002d59c65fd60, 0x000002d59c65c5b0,
0x000002d59c65cac0, 0x000002d59c65e410, 0x000002d59f2d3ca0, 0x000002d59e4309f0,
0x000002d59e42fac0, 0x000002d59e42f5b0, 0x000002d59e42eb90, 0x000002d59e431410,
0x000002d59e42ffd0, 0x000002d59e4304e0, 0x000002d59e42f0a0, 0x000002d59e430f00,
0x000002d59e431920, 0x000002d59e431e30, 0x000002d59e42e680, 0x000002d59e4341a0,
0x000002d59e4350d0, 0x000002d59e4355e0, 0x000002d59e432d60, 0x000002d59e435af0,
0x000002d59e4346b0, 0x000002d59e432340, 0x000002d59e434bc0, 0x000002d59e432850,
0x000002d59e433780, 0x000002d59d4ed060, 0x000002d59d4f0810, 0x000002d59d4ef8e0,
0x000002d59d4eda80, 0x000002d59d4f0300, 0x000002d59d4efdf0, 0x000002d59d4eeec0,
0x000002d59d4ef3d0, 0x000002d59d4edf90, 0x000002d59d4ee4a0, 0x000002d59d4ee9b0,
0x000002d59da4b570, 0x000002d59da4c4a0, 0x000002d59da4ddf0, 0x000002d59da4ba80,
0x000002d59da4cec0, 0x000002d59ba40460, 0x000002d59ba3e600, 0x000002d59ba3d1c0,
0x000002d59ba41390, 0x000002d59ba3e0f0, 0x000002d59ba41db0, 0x000002d59ba43700,
0x000002d59ba427d0, 0x000002d59c191f40, 0x000002d59c18ef70
}

Java Threads: ( => current thread )
  0x000002d535156bd0 JavaThread "main" [_thread_blocked, id=24724, stack(0x000000f003100000,0x000000f003200000)]
  0x000002d553534ec0 JavaThread "Reference Handler" daemon [_thread_blocked, id=25560, stack(0x000000f003800000,0x000000f003900000)]
  0x000002d553536130 JavaThread "Finalizer" daemon [_thread_blocked, id=15304, stack(0x000000f003900000,0x000000f003a00000)]
  0x000002d55354ba20 JavaThread "Signal Dispatcher" daemon [_thread_blocked, id=20852, stack(0x000000f003a00000,0x000000f003b00000)]
  0x000002d55354c2f0 JavaThread "Attach Listener" daemon [_thread_blocked, id=23736, stack(0x000000f003b00000,0x000000f003c00000)]
  0x000002d55354f370 JavaThread "Service Thread" daemon [_thread_blocked, id=3432, stack(0x000000f003c00000,0x000000f003d00000)]
  0x000002d55356fc50 JavaThread "Monitor Deflation Thread" daemon [_thread_blocked, id=22064, stack(0x000000f003d00000,0x000000f003e00000)]
  0x000002d55357c760 JavaThread "C2 CompilerThread0" daemon [_thread_in_native, id=12612, stack(0x000000f003e00000,0x000000f003f00000)]
  0x000002d553583150 JavaThread "C1 CompilerThread0" daemon [_thread_blocked, id=24884, stack(0x000000f003f00000,0x000000f004000000)]
  0x000002d553589690 JavaThread "Sweeper thread" daemon [_thread_blocked, id=21444, stack(0x000000f004000000,0x000000f004100000)]
  0x000002d5535207a0 JavaThread "Common-Cleaner" daemon [_thread_blocked, id=8916, stack(0x000000f004100000,0x000000f004200000)]
  0x000002d5537543b0 JavaThread "Notification Thread" daemon [_thread_blocked, id=1676, stack(0x000000f004200000,0x000000f004300000)]
  0x000002d59a3ed900 JavaThread "Daemon health stats" [_thread_blocked, id=17824, stack(0x000000f004900000,0x000000f004a00000)]
  0x000002d59a3eb080 JavaThread "Incoming local TCP Connector on port 65278" [_thread_in_native, id=23580, stack(0x000000f004a00000,0x000000f004b00000)]
  0x000002d59a3eb590 JavaThread "Daemon periodic checks" [_thread_blocked, id=16160, stack(0x000000f004400000,0x000000f004500000)]
  0x000002d59a3ede10 JavaThread "Daemon" [_thread_blocked, id=7328, stack(0x000000f004b00000,0x000000f004c00000)]
  0x000002d59a3ec9d0 JavaThread "Handler for socket connection from /127.0.0.1:65278 to /127.0.0.1:65281" [_thread_in_native, id=16632, stack(0x000000f004c00000,0x000000f004d00000)]
  0x000002d59a3ebfb0 JavaThread "Cancel handler" [_thread_blocked, id=25296, stack(0x000000f004d00000,0x000000f004e00000)]
  0x000002d59a3ebaa0 JavaThread "Daemon worker" [_thread_blocked, id=16604, stack(0x000000f004e00000,0x000000f004f00000)]
  0x000002d59a3ec4c0 JavaThread "Asynchronous log dispatcher for DefaultDaemonConnection: socket connection from /127.0.0.1:65278 to /127.0.0.1:65281" [_thread_blocked, id=15640, stack(0x000000f004f00000,0x000000f005000000)]
  0x000002d59a3ee320 JavaThread "Daemon client event forwarder" [_thread_blocked, id=13292, stack(0x000000f005100000,0x000000f005200000)]
  0x000002d5990239b0 JavaThread "Cache worker for journal cache (C:\Users\USER\.gradle\caches\journal-1)" [_thread_blocked, id=19796, stack(0x000000f005200000,0x000000f005300000)]
  0x000002d5990234a0 JavaThread "File lock request listener" [_thread_in_native, id=9076, stack(0x000000f005300000,0x000000f005400000)]
  0x000002d599022060 JavaThread "Cache worker for file hash cache (C:\Users\USER\.gradle\caches\8.5\fileHashes)" [_thread_blocked, id=18840, stack(0x000000f005500000,0x000000f005600000)]
  0x000002d599025d20 JavaThread "File watcher server" daemon [_thread_in_native, id=18488, stack(0x000000f005900000,0x000000f005a00000)]
  0x000002d599025810 JavaThread "File watcher consumer" daemon [_thread_blocked, id=9212, stack(0x000000f005a00000,0x000000f005b00000)]
  0x000002d599023ec0 JavaThread "Cache worker for checksums cache (C:\Users\USER\jarvis-apk\.gradle\8.5\checksums)" [_thread_blocked, id=24688, stack(0x000000f005c00000,0x000000f005d00000)]
  0x000002d5990243d0 JavaThread "Cache worker for file hash cache (C:\Users\USER\jarvis-apk\.gradle\8.5\fileHashes)" [_thread_blocked, id=22676, stack(0x000000f005400000,0x000000f005500000)]
  0x000002d599022570 JavaThread "Cache worker for cache directory md-supplier (C:\Users\USER\.gradle\caches\8.5\md-supplier)" [_thread_blocked, id=25372, stack(0x000000f005d00000,0x000000f005e00000)]
  0x000002d599027b80 JavaThread "Cache worker for cache directory md-rule (C:\Users\USER\.gradle\caches\8.5\md-rule)" [_thread_blocked, id=15152, stack(0x000000f005e00000,0x000000f005f00000)]
  0x000002d599025300 JavaThread "Cache worker for file content cache (C:\Users\USER\.gradle\caches\8.5\fileContent)" [_thread_blocked, id=24896, stack(0x000000f005f00000,0x000000f006000000)]
  0x000002d599026230 JavaThread "Cache worker for execution history cache (C:\Users\USER\.gradle\caches\8.5\executionHistory)" [_thread_blocked, id=12644, stack(0x000000f006000000,0x000000f006100000)]
  0x000002d599026c50 JavaThread "jar transforms" [_thread_blocked, id=25424, stack(0x000000f006200000,0x000000f006300000)]
  0x000002d599028ab0 JavaThread "jar transforms Thread 2" [_thread_blocked, id=17744, stack(0x000000f006300000,0x000000f006400000)]
  0x000002d599028fc0 JavaThread "Cache worker for dependencies-accessors (C:\Users\USER\jarvis-apk\.gradle\8.5\dependencies-accessors)" [_thread_blocked, id=9660, stack(0x000000f006400000,0x000000f006500000)]
  0x000002d5990294d0 JavaThread "jar transforms Thread 3" [_thread_blocked, id=11900, stack(0x000000f006500000,0x000000f006600000)]
  0x000002d5990299e0 JavaThread "Cache worker for Build Output Cleanup Cache (C:\Users\USER\jarvis-apk\.gradle\buildOutputCleanup)" [_thread_in_native, id=17376, stack(0x000000f006100000,0x000000f006200000)]
  0x000002d59bb33780 JavaThread "Unconstrained build operations" [_thread_blocked, id=25428, stack(0x000000f006600000,0x000000f006700000)]
  0x000002d59bb36a20 JavaThread "Unconstrained build operations Thread 2" [_thread_blocked, id=25280, stack(0x000000f006700000,0x000000f006800000)]
  0x000002d59bb34bc0 JavaThread "Unconstrained build operations Thread 3" [_thread_blocked, id=25452, stack(0x000000f006800000,0x000000f006900000)]
  0x000002d59bb35af0 JavaThread "Unconstrained build operations Thread 4" [_thread_blocked, id=25480, stack(0x000000f006900000,0x000000f006a00000)]
  0x000002d59bb36f30 JavaThread "Unconstrained build operations Thread 5" [_thread_blocked, id=9624, stack(0x000000f006a00000,0x000000f006b00000)]
  0x000002d59bb33c90 JavaThread "Unconstrained build operations Thread 6" [_thread_blocked, id=25124, stack(0x000000f006b00000,0x000000f006c00000)]
  0x000002d59bb355e0 JavaThread "Unconstrained build operations Thread 7" [_thread_blocked, id=14720, stack(0x000000f006c00000,0x000000f006d00000)]
  0x000002d59bb37440 JavaThread "jar transforms Thread 4" [_thread_blocked, id=25420, stack(0x000000f006e00000,0x000000f006f00000)]
  0x000002d59bb350d0 JavaThread "jar transforms Thread 5" [_thread_blocked, id=15560, stack(0x000000f006f00000,0x000000f007000000)]
  0x000002d59bb36000 JavaThread "jar transforms Thread 6" [_thread_blocked, id=4564, stack(0x000000f007000000,0x000000f007100000)]
  0x000002d59bb36510 JavaThread "jar transforms Thread 7" [_thread_blocked, id=19316, stack(0x000000f006d00000,0x000000f006e00000)]
  0x000002d59bb37950 JavaThread "jar transforms Thread 8" [_thread_blocked, id=684, stack(0x000000f007100000,0x000000f007200000)]
  0x000002d59bb38880 JavaThread "Memory manager" [_thread_blocked, id=24920, stack(0x000000f007200000,0x000000f007300000)]
  0x000002d59bb397b0 JavaThread "build event listener" [_thread_blocked, id=11640, stack(0x000000f007300000,0x000000f007400000)]
  0x000002d59f2d3790 JavaThread "included builds" [_thread_blocked, id=8132, stack(0x000000f007700000,0x000000f007800000)]
  0x000002d59f2d41b0 JavaThread "Execution worker" [_thread_in_Java, id=4780, stack(0x000000f007800000,0x000000f007900000)]
  0x000002d59f2d2d70 JavaThread "Execution worker Thread 2" [_thread_blocked, id=12708, stack(0x000000f007900000,0x000000f007a00000)]
  0x000002d59f2d1930 JavaThread "Execution worker Thread 3" [_thread_blocked, id=7592, stack(0x000000f007a00000,0x000000f007b00000)]
  0x000002d59f2d1e40 JavaThread "Execution worker Thread 4" [_thread_blocked, id=25460, stack(0x000000f007b00000,0x000000f007c00000)]
  0x000002d59f2d0f10 JavaThread "Execution worker Thread 5" [_thread_blocked, id=24880, stack(0x000000f007c00000,0x000000f007d00000)]
  0x000002d59f2d2350 JavaThread "Execution worker Thread 6" [_thread_blocked, id=17968, stack(0x000000f007d00000,0x000000f007e00000)]
  0x000002d59f2d0a00 JavaThread "Execution worker Thread 7" [_thread_blocked, id=19624, stack(0x000000f007e00000,0x000000f007f00000)]
  0x000002d59f2d4bd0 JavaThread "Cache worker for execution history cache (C:\Users\USER\jarvis-apk\.gradle\8.5\executionHistory)" [_thread_blocked, id=17088, stack(0x000000f007f00000,0x000000f008000000)]
  0x000002d59f2d3280 JavaThread "Unconstrained build operations Thread 8" [_thread_blocked, id=18860, stack(0x000000f008000000,0x000000f008100000)]
  0x000002d59f2d46c0 JavaThread "Unconstrained build operations Thread 9" [_thread_blocked, id=5468, stack(0x000000f008100000,0x000000f008200000)]
  0x000002d59f2d5b00 JavaThread "Unconstrained build operations Thread 10" [_thread_blocked, id=576, stack(0x000000f008200000,0x000000f008300000)]
  0x000002d59f2d50e0 JavaThread "Unconstrained build operations Thread 11" [_thread_blocked, id=24452, stack(0x000000f008300000,0x000000f008400000)]
  0x000002d59f2d55f0 JavaThread "Unconstrained build operations Thread 12" [_thread_blocked, id=2256, stack(0x000000f008400000,0x000000f008500000)]
  0x000002d59f2d6010 JavaThread "Unconstrained build operations Thread 13" [_thread_blocked, id=7432, stack(0x000000f008500000,0x000000f008600000)]
  0x000002d59f2d2860 JavaThread "Unconstrained build operations Thread 14" [_thread_blocked, id=11196, stack(0x000000f008600000,0x000000f008700000)]
  0x000002d59f2d6520 JavaThread "Unconstrained build operations Thread 15" [_thread_blocked, id=12944, stack(0x000000f008700000,0x000000f008800000)]
  0x000002d59f2d6a30 JavaThread "Unconstrained build operations Thread 16" [_thread_blocked, id=22116, stack(0x000000f008800000,0x000000f008900000)]
  0x000002d59f2d7e70 JavaThread "Unconstrained build operations Thread 17" [_thread_blocked, id=6604, stack(0x000000f008900000,0x000000f008a00000)]
  0x000002d59f2d7960 JavaThread "Unconstrained build operations Thread 18" [_thread_blocked, id=19528, stack(0x000000f008a00000,0x000000f008b00000)]
  0x000002d59f2d6f40 JavaThread "Unconstrained build operations Thread 19" [_thread_blocked, id=22196, stack(0x000000f008b00000,0x000000f008c00000)]
  0x000002d59f2d7450 JavaThread "Unconstrained build operations Thread 20" [_thread_blocked, id=25028, stack(0x000000f008c00000,0x000000f008d00000)]
  0x000002d59f2d8380 JavaThread "Unconstrained build operations Thread 21" [_thread_blocked, id=21740, stack(0x000000f008d00000,0x000000f008e00000)]
  0x000002d59bb3a1d0 JavaThread "Unconstrained build operations Thread 22" [_thread_blocked, id=12004, stack(0x000000f008e00000,0x000000f008f00000)]
  0x000002d599022f90 JavaThread "Unconstrained build operations Thread 23" [_thread_blocked, id=14352, stack(0x000000f008f00000,0x000000f009000000)]
  0x000002d59c65a750 JavaThread "Unconstrained build operations Thread 24" [_thread_blocked, id=16424, stack(0x000000f009000000,0x000000f009100000)]
  0x000002d59c658e00 JavaThread "Unconstrained build operations Thread 25" [_thread_blocked, id=14448, stack(0x000000f009100000,0x000000f009200000)]
  0x000002d59c659310 JavaThread "Unconstrained build operations Thread 26" [_thread_blocked, id=19460, stack(0x000000f009200000,0x000000f009300000)]
  0x000002d59c659820 JavaThread "Unconstrained build operations Thread 27" [_thread_blocked, id=21652, stack(0x000000f009300000,0x000000f009400000)]
  0x000002d59c65a240 JavaThread "WorkerExecutor Queue" [_thread_blocked, id=6696, stack(0x000000f009a00000,0x000000f009b00000)]
  0x000002d59c65ac60 JavaThread "Unconstrained build operations Thread 28" [_thread_blocked, id=2752, stack(0x000000f009900000,0x000000f009a00000)]
  0x000002d59c65bb90 JavaThread "WorkerExecutor Queue Thread 2" [_thread_blocked, id=18920, stack(0x000000f009b00000,0x000000f009c00000)]
  0x000002d59c65b680 JavaThread "Unconstrained build operations Thread 29" [_thread_blocked, id=3976, stack(0x000000f009c00000,0x000000f009d00000)]
  0x000002d59c6583e0 JavaThread "Unconstrained build operations Thread 30" [_thread_blocked, id=25320, stack(0x000000f009d00000,0x000000f009e00000)]
  0x000002d59c65c0a0 JavaThread "Unconstrained build operations Thread 31" [_thread_blocked, id=2408, stack(0x000000f009e00000,0x000000f009f00000)]
  0x000002d59c6588f0 JavaThread "Unconstrained build operations Thread 32" [_thread_blocked, id=19628, stack(0x000000f009f00000,0x000000f00a000000)]
  0x000002d59c65e920 JavaThread "Unconstrained build operations Thread 33" [_thread_blocked, id=17200, stack(0x000000f00a000000,0x000000f00a100000)]
  0x000002d59c65d9f0 JavaThread "Unconstrained build operations Thread 34" [_thread_blocked, id=23384, stack(0x000000f00a100000,0x000000f00a200000)]
  0x000002d59c65d4e0 JavaThread "Unconstrained build operations Thread 35" [_thread_blocked, id=24592, stack(0x000000f00a200000,0x000000f00a300000)]
  0x000002d59c65df00 JavaThread "Unconstrained build operations Thread 36" [_thread_blocked, id=8208, stack(0x000000f00a300000,0x000000f00a400000)]
  0x000002d59c65ee30 JavaThread "Unconstrained build operations Thread 37" [_thread_blocked, id=20712, stack(0x000000f00a400000,0x000000f00a500000)]
  0x000002d59c65f340 JavaThread "Unconstrained build operations Thread 38" [_thread_blocked, id=17980, stack(0x000000f00a500000,0x000000f00a600000)]
  0x000002d59c65f850 JavaThread "Unconstrained build operations Thread 39" [_thread_blocked, id=9400, stack(0x000000f00a600000,0x000000f00a700000)]
  0x000002d59c65fd60 JavaThread "Unconstrained build operations Thread 40" [_thread_blocked, id=11792, stack(0x000000f00a700000,0x000000f00a800000)]
  0x000002d59c65c5b0 JavaThread "Unconstrained build operations Thread 41" [_thread_blocked, id=20848, stack(0x000000f00a800000,0x000000f00a900000)]
  0x000002d59c65cac0 JavaThread "Unconstrained build operations Thread 42" [_thread_blocked, id=23360, stack(0x000000f00a900000,0x000000f00aa00000)]
  0x000002d59c65e410 JavaThread "Unconstrained build operations Thread 43" [_thread_blocked, id=18036, stack(0x000000f00aa00000,0x000000f00ab00000)]
  0x000002d59f2d3ca0 JavaThread "Unconstrained build operations Thread 44" [_thread_blocked, id=23732, stack(0x000000f00ab00000,0x000000f00ac00000)]
  0x000002d59e4309f0 JavaThread "Unconstrained build operations Thread 45" [_thread_in_native, id=25092, stack(0x000000f00ac00000,0x000000f00ad00000)]
  0x000002d59e42fac0 JavaThread "Unconstrained build operations Thread 46" [_thread_in_native, id=13216, stack(0x000000f00ad00000,0x000000f00ae00000)]
  0x000002d59e42f5b0 JavaThread "Unconstrained build operations Thread 47" [_thread_in_native, id=20396, stack(0x000000f00ae00000,0x000000f00af00000)]
  0x000002d59e42eb90 JavaThread "Unconstrained build operations Thread 48" [_thread_blocked, id=21248, stack(0x000000f00af00000,0x000000f00b000000)]
  0x000002d59e431410 JavaThread "Unconstrained build operations Thread 49" [_thread_blocked, id=25340, stack(0x000000f00b000000,0x000000f00b100000)]
  0x000002d59e42ffd0 JavaThread "Unconstrained build operations Thread 50" [_thread_in_native, id=18956, stack(0x000000f00b100000,0x000000f00b200000)]
  0x000002d59e4304e0 JavaThread "Unconstrained build operations Thread 51" [_thread_in_native, id=12408, stack(0x000000f00b200000,0x000000f00b300000)]
  0x000002d59e42f0a0 JavaThread "Unconstrained build operations Thread 52" [_thread_blocked, id=21116, stack(0x000000f00b300000,0x000000f00b400000)]
  0x000002d59e430f00 JavaThread "Unconstrained build operations Thread 53" [_thread_in_native, id=24276, stack(0x000000f00b400000,0x000000f00b500000)]
  0x000002d59e431920 JavaThread "Unconstrained build operations Thread 54" [_thread_blocked, id=11656, stack(0x000000f00b500000,0x000000f00b600000)]
  0x000002d59e431e30 JavaThread "Unconstrained build operations Thread 55" [_thread_blocked, id=23980, stack(0x000000f00b600000,0x000000f00b700000)]
  0x000002d59e42e680 JavaThread "Unconstrained build operations Thread 56" [_thread_blocked, id=14740, stack(0x000000f00b700000,0x000000f00b800000)]
  0x000002d59e4341a0 JavaThread "Unconstrained build operations Thread 57" [_thread_blocked, id=20424, stack(0x000000f00b800000,0x000000f00b900000)]
  0x000002d59e4350d0 JavaThread "Unconstrained build operations Thread 58" [_thread_blocked, id=14800, stack(0x000000f00b900000,0x000000f00ba00000)]
  0x000002d59e4355e0 JavaThread "Unconstrained build operations Thread 59" [_thread_blocked, id=21212, stack(0x000000f00ba00000,0x000000f00bb00000)]
  0x000002d59e432d60 JavaThread "Unconstrained build operations Thread 60" [_thread_blocked, id=24772, stack(0x000000f00bb00000,0x000000f00bc00000)]
  0x000002d59e435af0 JavaThread "Unconstrained build operations Thread 61" [_thread_blocked, id=24928, stack(0x000000f00bc00000,0x000000f00bd00000)]
  0x000002d59e4346b0 JavaThread "Unconstrained build operations Thread 62" [_thread_blocked, id=23968, stack(0x000000f00bd00000,0x000000f00be00000)]
  0x000002d59e432340 JavaThread "Unconstrained build operations Thread 63" [_thread_blocked, id=15332, stack(0x000000f00be00000,0x000000f00bf00000)]
  0x000002d59e434bc0 JavaThread "Unconstrained build operations Thread 64" [_thread_blocked, id=16144, stack(0x000000f00bf00000,0x000000f00c000000)]
  0x000002d59e432850 JavaThread "Unconstrained build operations Thread 65" [_thread_blocked, id=10772, stack(0x000000f00c000000,0x000000f00c100000)]
  0x000002d59e433780 JavaThread "Unconstrained build operations Thread 66" [_thread_blocked, id=19248, stack(0x000000f00c100000,0x000000f00c200000)]
  0x000002d59d4ed060 JavaThread "Unconstrained build operations Thread 67" [_thread_blocked, id=23176, stack(0x000000f00c200000,0x000000f00c300000)]
  0x000002d59d4f0810 JavaThread "Unconstrained build operations Thread 68" [_thread_blocked, id=24076, stack(0x000000f00c300000,0x000000f00c400000)]
  0x000002d59d4ef8e0 JavaThread "Unconstrained build operations Thread 69" [_thread_blocked, id=23836, stack(0x000000f00c400000,0x000000f00c500000)]
  0x000002d59d4eda80 JavaThread "Unconstrained build operations Thread 70" [_thread_blocked, id=22828, stack(0x000000f00c500000,0x000000f00c600000)]
  0x000002d59d4f0300 JavaThread "Unconstrained build operations Thread 71" [_thread_blocked, id=6964, stack(0x000000f00c600000,0x000000f00c700000)]
  0x000002d59d4efdf0 JavaThread "Unconstrained build operations Thread 72" [_thread_blocked, id=5760, stack(0x000000f00c700000,0x000000f00c800000)]
  0x000002d59d4eeec0 JavaThread "Unconstrained build operations Thread 73" [_thread_blocked, id=8008, stack(0x000000f00c800000,0x000000f00c900000)]
  0x000002d59d4ef3d0 JavaThread "Unconstrained build operations Thread 74" [_thread_blocked, id=19076, stack(0x000000f00c900000,0x000000f00ca00000)]
  0x000002d59d4edf90 JavaThread "Unconstrained build operations Thread 75" [_thread_blocked, id=6476, stack(0x000000f00ca00000,0x000000f00cb00000)]
  0x000002d59d4ee4a0 JavaThread "Unconstrained build operations Thread 76" [_thread_blocked, id=24752, stack(0x000000f00cb00000,0x000000f00cc00000)]
  0x000002d59d4ee9b0 JavaThread "Unconstrained build operations Thread 77" [_thread_blocked, id=22972, stack(0x000000f00cc00000,0x000000f00cd00000)]
  0x000002d59da4b570 JavaThread "Unconstrained build operations Thread 78" [_thread_blocked, id=25516, stack(0x000000f00cd00000,0x000000f00ce00000)]
  0x000002d59da4c4a0 JavaThread "Unconstrained build operations Thread 79" [_thread_blocked, id=1212, stack(0x000000f00ce00000,0x000000f00cf00000)]
  0x000002d59da4ddf0 JavaThread "Unconstrained build operations Thread 80" [_thread_blocked, id=16220, stack(0x000000f00cf00000,0x000000f00d000000)]
  0x000002d59da4ba80 JavaThread "WorkerExecutor Queue Thread 3" [_thread_blocked, id=23320, stack(0x000000f002f00000,0x000000f003000000)]
  0x000002d59da4cec0 JavaThread "pool-3-thread-1" [_thread_blocked, id=10276, stack(0x000000f007600000,0x000000f007700000)]
  0x000002d59ba40460 JavaThread "stderr" [_thread_in_native, id=24248, stack(0x000000f002e00000,0x000000f002f00000)]
  0x000002d59ba3e600 JavaThread "stdout" [_thread_in_native, id=11456, stack(0x000000f00d000000,0x000000f00d100000)]
  0x000002d59ba3d1c0 JavaThread "WorkerExecutor Queue Thread 4" [_thread_blocked, id=20176, stack(0x000000f005000000,0x000000f005100000)]
  0x000002d59ba41390 JavaThread "RMI Scheduler(0)" daemon [_thread_blocked, id=24716, stack(0x000000f003000000,0x000000f003100000)]
  0x000002d59ba3e0f0 JavaThread "RMI GC Daemon" daemon [_thread_blocked, id=16420, stack(0x000000f00d300000,0x000000f00d400000)]
  0x000002d59ba41db0 JavaThread "RMI TCP Accept-0" daemon [_thread_in_native, id=20908, stack(0x000000f00d400000,0x000000f00d500000)]
  0x000002d59ba43700 JavaThread "RMI Reaper" [_thread_blocked, id=15456, stack(0x000000f00d500000,0x000000f00d600000)]
  0x000002d59ba427d0 JavaThread "RMI TCP Connection(2)-127.0.0.1" daemon [_thread_in_native, id=24936, stack(0x000000f00d600000,0x000000f00d700000)]
=>0x000002d59c191f40 JavaThread "C2 CompilerThread1" daemon [_thread_in_native, id=5388, stack(0x000000f007400000,0x000000f007500000)]
  0x000002d59c18ef70 JavaThread "C2 CompilerThread2" daemon [_thread_in_native, id=4916, stack(0x000000f00d200000,0x000000f00d300000)]

Other Threads:
  0x000002d553530730 VMThread "VM Thread" [stack: 0x000000f003700000,0x000000f003800000] [id=4484]
  0x000002d535157960 WatcherThread [stack: 0x000000f004300000,0x000000f004400000] [id=14476]
  0x000002d5351b27d0 GCTaskThread "GC Thread#0" [stack: 0x000000f003200000,0x000000f003300000] [id=21476]
  0x000002d599598710 GCTaskThread "GC Thread#1" [stack: 0x000000f004500000,0x000000f004600000] [id=17696]
  0x000002d599ba5500 GCTaskThread "GC Thread#2" [stack: 0x000000f004600000,0x000000f004700000] [id=17876]
  0x000002d599b6b340 GCTaskThread "GC Thread#3" [stack: 0x000000f004700000,0x000000f004800000] [id=14028]
  0x000002d599b6b610 GCTaskThread "GC Thread#4" [stack: 0x000000f004800000,0x000000f004900000] [id=4452]
  0x000002d59a0600d0 GCTaskThread "GC Thread#5" [stack: 0x000000f005600000,0x000000f005700000] [id=24744]
  0x000002d59a0611b0 GCTaskThread "GC Thread#6" [stack: 0x000000f005700000,0x000000f005800000] [id=3224]
  0x000002d59a061750 GCTaskThread "GC Thread#7" [stack: 0x000000f005800000,0x000000f005900000] [id=19208]
  0x000002d5351c3640 ConcurrentGCThread "G1 Main Marker" [stack: 0x000000f003300000,0x000000f003400000] [id=15680]
  0x000002d5351c3f70 ConcurrentGCThread "G1 Conc#0" [stack: 0x000000f003400000,0x000000f003500000] [id=22112]
  0x000002d59a060940 ConcurrentGCThread "G1 Conc#1" [stack: 0x000000f005b00000,0x000000f005c00000] [id=22148]
  0x000002d5351fec90 ConcurrentGCThread "G1 Refine#0" [stack: 0x000000f003500000,0x000000f003600000] [id=24748]
  0x000002d59dda2eb0 ConcurrentGCThread "G1 Refine#1" [stack: 0x000000f009400000,0x000000f009500000] [id=25300]
  0x000002d59dda3db0 ConcurrentGCThread "G1 Refine#2" [stack: 0x000000f009500000,0x000000f009600000] [id=1588]
  0x000002d59dda4cb0 ConcurrentGCThread "G1 Refine#3" [stack: 0x000000f009600000,0x000000f009700000] [id=10244]
  0x000002d59dda37b0 ConcurrentGCThread "G1 Refine#4" [stack: 0x000000f009700000,0x000000f009800000] [id=10584]
  0x000002d59dda3ab0 ConcurrentGCThread "G1 Refine#5" [stack: 0x000000f009800000,0x000000f009900000] [id=13620]
  0x000002d5533e3100 ConcurrentGCThread "G1 Service" [stack: 0x000000f003600000,0x000000f003700000] [id=7644]

Threads with active compile tasks:
C2 CompilerThread0  143582 19696       4       org.jetbrains.kotlin.gradle.internal.kapt.incremental.ClassTypeExtractorVisitor::visitMethod (159 bytes)
C2 CompilerThread1  143582 19786       4       org.jetbrains.org.objectweb.asm.ClassReader::readMethod (1061 bytes)
C2 CompilerThread2  143582 19694       4       org.jetbrains.kotlin.util.capitalizeDecapitalize.CapitalizeDecapitalizeKt::toLowerCaseAsciiOnly (96 bytes)

VM state: not at safepoint (normal execution)

VM Mutex/Monitor currently owned by a thread: None

Heap address: 0x0000000080000000, size: 2048 MB, Compressed Oops mode: 32-bit

CDS archive(s) mapped at: [0x000002d554000000-0x000002d554bb0000-0x000002d554bb0000), size 12255232, SharedBaseAddress: 0x000002d554000000, ArchiveRelocationMode: 1.
Compressed class space mapped at: 0x000002d555000000-0x000002d595000000, reserved size: 1073741824
Narrow klass base: 0x000002d554000000, Narrow klass shift: 0, Narrow klass range: 0x100000000

GC Precious Log:
 CPUs: 8 total, 8 available
 Memory: 7933M
 Large Page Support: Disabled
 NUMA Support: Disabled
 Compressed Oops: Enabled (32-bit)
 Heap Region Size: 1M
 Heap Min Capacity: 8M
 Heap Initial Capacity: 124M
 Heap Max Capacity: 2G
 Pre-touch: Disabled
 Parallel Workers: 8
 Concurrent Workers: 2
 Concurrent Refinement Workers: 8
 Periodic GC: Disabled

Heap:
 garbage-first heap   total 457728K, used 260229K [0x0000000080000000, 0x0000000100000000)
  region size 1024K, 121 young (123904K), 13 survivors (13312K)
 Metaspace       used 113678K, committed 114432K, reserved 1179648K
  class space    used 14987K, committed 15360K, reserved 1048576K

Heap Regions: E=young(eden), S=young(survivor), O=old, HS=humongous(starts), HC=humongous(continues), CS=collection set, F=free, OA=open archive, CA=closed archive, TAMS=top-at-mark-start (previous, next)
|   0|0x0000000080000000, 0x0000000080100000, 0x0000000080100000|100%|HS|  |TAMS 0x0000000080100000, 0x0000000080000000| Complete 
|   1|0x0000000080100000, 0x0000000080200000, 0x0000000080200000|100%|HC|  |TAMS 0x0000000080200000, 0x0000000080100000| Complete 
|   2|0x0000000080200000, 0x0000000080300000, 0x0000000080300000|100%|HC|  |TAMS 0x0000000080300000, 0x0000000080200000| Complete 
|   3|0x0000000080300000, 0x0000000080400000, 0x0000000080400000|100%|HC|  |TAMS 0x0000000080400000, 0x0000000080300000| Complete 
|   4|0x0000000080400000, 0x0000000080500000, 0x0000000080500000|100%| O|  |TAMS 0x0000000080400000, 0x0000000080400000| Untracked 
|   5|0x0000000080500000, 0x0000000080600000, 0x0000000080600000|100%| O|  |TAMS 0x0000000080600000, 0x0000000080500000| Untracked 
|   6|0x0000000080600000, 0x0000000080700000, 0x0000000080700000|100%| O|  |TAMS 0x0000000080700000, 0x0000000080600000| Untracked 
|   7|0x0000000080700000, 0x0000000080800000, 0x0000000080800000|100%| O|  |TAMS 0x0000000080800000, 0x0000000080700000| Untracked 
|   8|0x0000000080800000, 0x0000000080900000, 0x0000000080900000|100%| O|  |TAMS 0x0000000080900000, 0x0000000080800000| Untracked 
|   9|0x0000000080900000, 0x0000000080a00000, 0x0000000080a00000|100%| O|  |TAMS 0x0000000080a00000, 0x0000000080900000| Untracked 
|  10|0x0000000080a00000, 0x0000000080b00000, 0x0000000080b00000|100%| O|  |TAMS 0x0000000080b00000, 0x0000000080a00000| Untracked 
|  11|0x0000000080b00000, 0x0000000080c00000, 0x0000000080c00000|100%| O|  |TAMS 0x0000000080c00000, 0x0000000080b00000| Untracked 
|  12|0x0000000080c00000, 0x0000000080d00000, 0x0000000080d00000|100%| O|  |TAMS 0x0000000080d00000, 0x0000000080c00000| Untracked 
|  13|0x0000000080d00000, 0x0000000080e00000, 0x0000000080e00000|100%| O|  |TAMS 0x0000000080e00000, 0x0000000080d00000| Untracked 
|  14|0x0000000080e00000, 0x0000000080f00000, 0x0000000080f00000|100%| O|  |TAMS 0x0000000080f00000, 0x0000000080e00000| Untracked 
|  15|0x0000000080f00000, 0x0000000081000000, 0x0000000081000000|100%| O|  |TAMS 0x0000000081000000, 0x0000000080f00000| Untracked 
|  16|0x0000000081000000, 0x0000000081100000, 0x0000000081100000|100%| O|  |TAMS 0x0000000081100000, 0x0000000081000000| Untracked 
|  17|0x0000000081100000, 0x0000000081200000, 0x0000000081200000|100%| O|  |TAMS 0x0000000081200000, 0x0000000081100000| Untracked 
|  18|0x0000000081200000, 0x0000000081300000, 0x0000000081300000|100%| O|  |TAMS 0x0000000081300000, 0x0000000081200000| Untracked 
|  19|0x0000000081300000, 0x0000000081400000, 0x0000000081400000|100%| O|  |TAMS 0x0000000081400000, 0x0000000081300000| Untracked 
|  20|0x0000000081400000, 0x0000000081500000, 0x0000000081500000|100%| O|  |TAMS 0x0000000081500000, 0x0000000081400000| Untracked 
|  21|0x0000000081500000, 0x0000000081600000, 0x0000000081600000|100%| O|  |TAMS 0x0000000081600000, 0x0000000081500000| Untracked 
|  22|0x0000000081600000, 0x0000000081700000, 0x0000000081700000|100%| O|  |TAMS 0x0000000081700000, 0x0000000081600000| Untracked 
|  23|0x0000000081700000, 0x0000000081800000, 0x0000000081800000|100%| O|  |TAMS 0x0000000081800000, 0x0000000081700000| Untracked 
|  24|0x0000000081800000, 0x0000000081900000, 0x0000000081900000|100%| O|  |TAMS 0x0000000081900000, 0x0000000081800000| Untracked 
|  25|0x0000000081900000, 0x0000000081a00000, 0x0000000081a00000|100%| O|  |TAMS 0x0000000081a00000, 0x0000000081900000| Untracked 
|  26|0x0000000081a00000, 0x0000000081b00000, 0x0000000081b00000|100%| O|  |TAMS 0x0000000081b00000, 0x0000000081a00000| Untracked 
|  27|0x0000000081b00000, 0x0000000081c00000, 0x0000000081c00000|100%| O|  |TAMS 0x0000000081c00000, 0x0000000081b00000| Untracked 
|  28|0x0000000081c00000, 0x0000000081d00000, 0x0000000081d00000|100%| O|  |TAMS 0x0000000081d00000, 0x0000000081c00000| Untracked 
|  29|0x0000000081d00000, 0x0000000081e00000, 0x0000000081e00000|100%|HS|  |TAMS 0x0000000081e00000, 0x0000000081d00000| Complete 
|  30|0x0000000081e00000, 0x0000000081f00000, 0x0000000081f00000|100%|HS|  |TAMS 0x0000000081f00000, 0x0000000081e00000| Complete 
|  31|0x0000000081f00000, 0x0000000082000000, 0x0000000082000000|100%|HC|  |TAMS 0x0000000082000000, 0x0000000081f00000| Complete 
|  32|0x0000000082000000, 0x0000000082100000, 0x0000000082100000|100%|HS|  |TAMS 0x0000000082100000, 0x0000000082000000| Complete 
|  33|0x0000000082100000, 0x0000000082200000, 0x0000000082200000|100%| O|  |TAMS 0x0000000082200000, 0x0000000082100000| Untracked 
|  34|0x0000000082200000, 0x0000000082300000, 0x0000000082300000|100%| O|  |TAMS 0x0000000082300000, 0x0000000082200000| Untracked 
|  35|0x0000000082300000, 0x0000000082400000, 0x0000000082400000|100%| O|  |TAMS 0x0000000082400000, 0x0000000082300000| Untracked 
|  36|0x0000000082400000, 0x0000000082500000, 0x0000000082500000|100%| O|  |TAMS 0x0000000082500000, 0x0000000082400000| Untracked 
|  37|0x0000000082500000, 0x0000000082600000, 0x0000000082600000|100%| O|  |TAMS 0x0000000082600000, 0x0000000082500000| Untracked 
|  38|0x0000000082600000, 0x0000000082700000, 0x0000000082700000|100%| O|  |TAMS 0x0000000082700000, 0x0000000082600000| Untracked 
|  39|0x0000000082700000, 0x0000000082800000, 0x0000000082800000|100%| O|  |TAMS 0x0000000082800000, 0x0000000082700000| Untracked 
|  40|0x0000000082800000, 0x0000000082900000, 0x0000000082900000|100%| O|  |TAMS 0x0000000082900000, 0x0000000082800000| Untracked 
|  41|0x0000000082900000, 0x0000000082a00000, 0x0000000082a00000|100%|HS|  |TAMS 0x0000000082a00000, 0x0000000082900000| Complete 
|  42|0x0000000082a00000, 0x0000000082b00000, 0x0000000082b00000|100%|HC|  |TAMS 0x0000000082b00000, 0x0000000082a00000| Complete 
|  43|0x0000000082b00000, 0x0000000082c00000, 0x0000000082c00000|100%|HS|  |TAMS 0x0000000082c00000, 0x0000000082b00000| Complete 
|  44|0x0000000082c00000, 0x0000000082d00000, 0x0000000082d00000|100%| O|  |TAMS 0x0000000082d00000, 0x0000000082c00000| Untracked 
|  45|0x0000000082d00000, 0x0000000082e00000, 0x0000000082e00000|100%|HS|  |TAMS 0x0000000082e00000, 0x0000000082d00000| Complete 
|  46|0x0000000082e00000, 0x0000000082f00000, 0x0000000082f00000|100%|HC|  |TAMS 0x0000000082f00000, 0x0000000082e00000| Complete 
|  47|0x0000000082f00000, 0x0000000083000000, 0x0000000083000000|100%|HC|  |TAMS 0x0000000083000000, 0x0000000082f00000| Complete 
|  48|0x0000000083000000, 0x0000000083100000, 0x0000000083100000|100%|HC|  |TAMS 0x0000000083100000, 0x0000000083000000| Complete 
|  49|0x0000000083100000, 0x0000000083200000, 0x0000000083200000|100%| O|  |TAMS 0x0000000083200000, 0x0000000083100000| Untracked 
|  50|0x0000000083200000, 0x0000000083300000, 0x0000000083300000|100%| O|  |TAMS 0x0000000083300000, 0x0000000083200000| Untracked 
|  51|0x0000000083300000, 0x0000000083400000, 0x0000000083400000|100%|HS|  |TAMS 0x0000000083400000, 0x0000000083300000| Complete 
|  52|0x0000000083400000, 0x0000000083500000, 0x0000000083500000|100%| O|  |TAMS 0x0000000083500000, 0x0000000083400000| Untracked 
|  53|0x0000000083500000, 0x0000000083600000, 0x0000000083600000|100%| O|  |TAMS 0x0000000083600000, 0x0000000083500000| Untracked 
|  54|0x0000000083600000, 0x0000000083700000, 0x0000000083700000|100%| O|  |TAMS 0x0000000083700000, 0x0000000083600000| Untracked 
|  55|0x0000000083700000, 0x0000000083800000, 0x0000000083800000|100%| O|  |TAMS 0x0000000083800000, 0x0000000083700000| Untracked 
|  56|0x0000000083800000, 0x0000000083900000, 0x0000000083900000|100%|HS|  |TAMS 0x0000000083900000, 0x0000000083800000| Complete 
|  57|0x0000000083900000, 0x0000000083a00000, 0x0000000083a00000|100%| O|  |TAMS 0x0000000083a00000, 0x0000000083900000| Untracked 
|  58|0x0000000083a00000, 0x0000000083b00000, 0x0000000083b00000|100%| O|  |TAMS 0x0000000083b00000, 0x0000000083a00000| Untracked 
|  59|0x0000000083b00000, 0x0000000083c00000, 0x0000000083c00000|100%|HS|  |TAMS 0x0000000083c00000, 0x0000000083b00000| Complete 
|  60|0x0000000083c00000, 0x0000000083d00000, 0x0000000083d00000|100%|HC|  |TAMS 0x0000000083d00000, 0x0000000083c00000| Complete 
|  61|0x0000000083d00000, 0x0000000083e00000, 0x0000000083e00000|100%|HC|  |TAMS 0x0000000083e00000, 0x0000000083d00000| Complete 
|  62|0x0000000083e00000, 0x0000000083f00000, 0x0000000083f00000|100%|HC|  |TAMS 0x0000000083f00000, 0x0000000083e00000| Complete 
|  63|0x0000000083f00000, 0x0000000084000000, 0x0000000084000000|100%| O|  |TAMS 0x0000000084000000, 0x0000000083f00000| Untracked 
|  64|0x0000000084000000, 0x0000000084100000, 0x0000000084100000|100%| O|  |TAMS 0x0000000084000000, 0x0000000084000000| Untracked 
|  65|0x0000000084100000, 0x0000000084200000, 0x0000000084200000|100%| O|  |TAMS 0x0000000084200000, 0x0000000084100000| Untracked 
|  66|0x0000000084200000, 0x0000000084300000, 0x0000000084300000|100%| O|  |TAMS 0x0000000084300000, 0x0000000084200000| Untracked 
|  67|0x0000000084300000, 0x0000000084400000, 0x0000000084400000|100%| O|  |TAMS 0x0000000084400000, 0x0000000084300000| Untracked 
|  68|0x0000000084400000, 0x0000000084500000, 0x0000000084500000|100%| O|  |TAMS 0x0000000084500000, 0x0000000084400000| Untracked 
|  69|0x0000000084500000, 0x0000000084600000, 0x0000000084600000|100%| O|  |TAMS 0x0000000084600000, 0x0000000084500000| Untracked 
|  70|0x0000000084600000, 0x0000000084700000, 0x0000000084700000|100%| O|  |TAMS 0x0000000084700000, 0x0000000084600000| Untracked 
|  71|0x0000000084700000, 0x0000000084800000, 0x0000000084800000|100%| O|  |TAMS 0x0000000084800000, 0x0000000084700000| Untracked 
|  72|0x0000000084800000, 0x0000000084900000, 0x0000000084900000|100%| O|  |TAMS 0x0000000084900000, 0x0000000084800000| Untracked 
|  73|0x0000000084900000, 0x0000000084a00000, 0x0000000084a00000|100%| O|  |TAMS 0x0000000084a00000, 0x0000000084900000| Untracked 
|  74|0x0000000084a00000, 0x0000000084b00000, 0x0000000084b00000|100%| O|  |TAMS 0x0000000084b00000, 0x0000000084a00000| Untracked 
|  75|0x0000000084b00000, 0x0000000084c00000, 0x0000000084c00000|100%| O|  |TAMS 0x0000000084c00000, 0x0000000084b00000| Untracked 
|  76|0x0000000084c00000, 0x0000000084d00000, 0x0000000084d00000|100%| O|  |TAMS 0x0000000084d00000, 0x0000000084c00000| Untracked 
|  77|0x0000000084d00000, 0x0000000084e00000, 0x0000000084e00000|100%| O|  |TAMS 0x0000000084e00000, 0x0000000084d00000| Untracked 
|  78|0x0000000084e00000, 0x0000000084f00000, 0x0000000084f00000|100%| O|  |TAMS 0x0000000084f00000, 0x0000000084e00000| Untracked 
|  79|0x0000000084f00000, 0x0000000085000000, 0x0000000085000000|100%| O|  |TAMS 0x0000000085000000, 0x0000000084f00000| Untracked 
|  80|0x0000000085000000, 0x0000000085100000, 0x0000000085100000|100%| O|  |TAMS 0x0000000085100000, 0x0000000085000000| Untracked 
|  81|0x0000000085100000, 0x0000000085200000, 0x0000000085200000|100%| O|  |TAMS 0x0000000085200000, 0x0000000085100000| Untracked 
|  82|0x0000000085200000, 0x0000000085300000, 0x0000000085300000|100%| O|  |TAMS 0x0000000085300000, 0x0000000085200000| Untracked 
|  83|0x0000000085300000, 0x0000000085400000, 0x0000000085400000|100%| O|  |TAMS 0x0000000085400000, 0x0000000085300000| Untracked 
|  84|0x0000000085400000, 0x0000000085500000, 0x0000000085500000|100%| O|  |TAMS 0x0000000085500000, 0x0000000085400000| Untracked 
|  85|0x0000000085500000, 0x0000000085600000, 0x0000000085600000|100%| O|  |TAMS 0x0000000085600000, 0x0000000085500000| Untracked 
|  86|0x0000000085600000, 0x0000000085700000, 0x0000000085700000|100%| O|  |TAMS 0x0000000085700000, 0x0000000085600000| Untracked 
|  87|0x0000000085700000, 0x0000000085800000, 0x0000000085800000|100%| O|  |TAMS 0x0000000085800000, 0x0000000085700000| Untracked 
|  88|0x0000000085800000, 0x0000000085900000, 0x0000000085900000|100%| O|  |TAMS 0x0000000085900000, 0x0000000085800000| Untracked 
|  89|0x0000000085900000, 0x0000000085a00000, 0x0000000085a00000|100%| O|  |TAMS 0x0000000085a00000, 0x0000000085900000| Untracked 
|  90|0x0000000085a00000, 0x0000000085b00000, 0x0000000085b00000|100%| O|  |TAMS 0x0000000085b00000, 0x0000000085a00000| Untracked 
|  91|0x0000000085b00000, 0x0000000085c00000, 0x0000000085c00000|100%| O|  |TAMS 0x0000000085c00000, 0x0000000085b00000| Untracked 
|  92|0x0000000085c00000, 0x0000000085d00000, 0x0000000085d00000|100%| O|  |TAMS 0x0000000085d00000, 0x0000000085c00000| Untracked 
|  93|0x0000000085d00000, 0x0000000085e00000, 0x0000000085e00000|100%| O|  |TAMS 0x0000000085e00000, 0x0000000085d00000| Untracked 
|  94|0x0000000085e00000, 0x0000000085f00000, 0x0000000085f00000|100%| O|  |TAMS 0x0000000085e59000, 0x0000000085e00000| Untracked 
|  95|0x0000000085f00000, 0x0000000086000000, 0x0000000086000000|100%| O|  |TAMS 0x0000000085f00000, 0x0000000085f00000| Untracked 
|  96|0x0000000086000000, 0x0000000086100000, 0x0000000086100000|100%| O|  |TAMS 0x0000000086000000, 0x0000000086000000| Untracked 
|  97|0x0000000086100000, 0x0000000086200000, 0x0000000086200000|100%| O|  |TAMS 0x0000000086100000, 0x0000000086100000| Untracked 
|  98|0x0000000086200000, 0x0000000086300000, 0x0000000086300000|100%| O|  |TAMS 0x0000000086200000, 0x0000000086200000| Untracked 
|  99|0x0000000086300000, 0x0000000086400000, 0x0000000086400000|100%| O|  |TAMS 0x0000000086300000, 0x0000000086300000| Untracked 
| 100|0x0000000086400000, 0x0000000086500000, 0x0000000086500000|100%| O|  |TAMS 0x0000000086400000, 0x0000000086400000| Untracked 
| 101|0x0000000086500000, 0x0000000086600000, 0x0000000086600000|100%| O|  |TAMS 0x0000000086500000, 0x0000000086500000| Untracked 
| 102|0x0000000086600000, 0x0000000086700000, 0x0000000086700000|100%| O|  |TAMS 0x0000000086600000, 0x0000000086600000| Untracked 
| 103|0x0000000086700000, 0x0000000086800000, 0x0000000086800000|100%| O|  |TAMS 0x0000000086700000, 0x0000000086700000| Untracked 
| 104|0x0000000086800000, 0x0000000086900000, 0x0000000086900000|100%| O|  |TAMS 0x0000000086800000, 0x0000000086800000| Untracked 
| 105|0x0000000086900000, 0x0000000086a00000, 0x0000000086a00000|100%| O|  |TAMS 0x0000000086900000, 0x0000000086900000| Untracked 
| 106|0x0000000086a00000, 0x0000000086b00000, 0x0000000086b00000|100%| O|  |TAMS 0x0000000086a00000, 0x0000000086a00000| Untracked 
| 107|0x0000000086b00000, 0x0000000086c00000, 0x0000000086c00000|100%| O|  |TAMS 0x0000000086b00000, 0x0000000086b00000| Untracked 
| 108|0x0000000086c00000, 0x0000000086d00000, 0x0000000086d00000|100%| O|  |TAMS 0x0000000086c00000, 0x0000000086c00000| Untracked 
| 109|0x0000000086d00000, 0x0000000086e00000, 0x0000000086e00000|100%| O|  |TAMS 0x0000000086d00000, 0x0000000086d00000| Untracked 
| 110|0x0000000086e00000, 0x0000000086f00000, 0x0000000086f00000|100%| O|  |TAMS 0x0000000086e00000, 0x0000000086e00000| Untracked 
| 111|0x0000000086f00000, 0x0000000087000000, 0x0000000087000000|100%| O|  |TAMS 0x0000000086f00000, 0x0000000086f00000| Untracked 
| 112|0x0000000087000000, 0x0000000087100000, 0x0000000087100000|100%| O|  |TAMS 0x0000000087000000, 0x0000000087000000| Untracked 
| 113|0x0000000087100000, 0x0000000087200000, 0x0000000087200000|100%| O|  |TAMS 0x0000000087100000, 0x0000000087100000| Untracked 
| 114|0x0000000087200000, 0x0000000087300000, 0x0000000087300000|100%| O|  |TAMS 0x0000000087200000, 0x0000000087200000| Untracked 
| 115|0x0000000087300000, 0x0000000087400000, 0x0000000087400000|100%| O|  |TAMS 0x0000000087300000, 0x0000000087300000| Untracked 
| 116|0x0000000087400000, 0x0000000087500000, 0x0000000087500000|100%| O|  |TAMS 0x0000000087400000, 0x0000000087400000| Untracked 
| 117|0x0000000087500000, 0x0000000087600000, 0x0000000087600000|100%| O|  |TAMS 0x0000000087500000, 0x0000000087500000| Untracked 
| 118|0x0000000087600000, 0x0000000087700000, 0x0000000087700000|100%| O|  |TAMS 0x0000000087600000, 0x0000000087600000| Untracked 
| 119|0x0000000087700000, 0x0000000087800000, 0x0000000087800000|100%| O|  |TAMS 0x0000000087700000, 0x0000000087700000| Untracked 
| 120|0x0000000087800000, 0x0000000087900000, 0x0000000087900000|100%| O|  |TAMS 0x0000000087800000, 0x0000000087800000| Untracked 
| 121|0x0000000087900000, 0x0000000087a00000, 0x0000000087a00000|100%| O|  |TAMS 0x0000000087900000, 0x0000000087900000| Untracked 
| 122|0x0000000087a00000, 0x0000000087b00000, 0x0000000087b00000|100%| O|  |TAMS 0x0000000087a00000, 0x0000000087a00000| Untracked 
| 123|0x0000000087b00000, 0x0000000087c00000, 0x0000000087c00000|100%| O|  |TAMS 0x0000000087b00000, 0x0000000087b00000| Untracked 
| 124|0x0000000087c00000, 0x0000000087d00000, 0x0000000087d00000|100%|HS|  |TAMS 0x0000000087c00000, 0x0000000087c00000| Complete 
| 125|0x0000000087d00000, 0x0000000087e00000, 0x0000000087e00000|100%| O|  |TAMS 0x0000000087d00000, 0x0000000087d00000| Untracked 
| 126|0x0000000087e00000, 0x0000000087f00000, 0x0000000087f00000|100%| O|  |TAMS 0x0000000087e00000, 0x0000000087e00000| Untracked 
| 127|0x0000000087f00000, 0x0000000088000000, 0x0000000088000000|100%| O|  |TAMS 0x0000000087f00000, 0x0000000087f00000| Untracked 
| 128|0x0000000088000000, 0x0000000088100000, 0x0000000088100000|100%| O|  |TAMS 0x0000000088000000, 0x0000000088000000| Untracked 
| 129|0x0000000088100000, 0x0000000088200000, 0x0000000088200000|100%| O|  |TAMS 0x0000000088100000, 0x0000000088100000| Untracked 
| 130|0x0000000088200000, 0x0000000088300000, 0x0000000088300000|100%| O|  |TAMS 0x0000000088200000, 0x0000000088200000| Untracked 
| 131|0x0000000088300000, 0x0000000088400000, 0x0000000088400000|100%| O|  |TAMS 0x0000000088300000, 0x0000000088300000| Untracked 
| 132|0x0000000088400000, 0x00000000884d7a00, 0x0000000088500000| 84%| O|  |TAMS 0x0000000088400000, 0x0000000088400000| Untracked 
| 133|0x0000000088500000, 0x0000000088600000, 0x0000000088600000|100%|HS|  |TAMS 0x0000000088500000, 0x0000000088500000| Complete 
| 134|0x0000000088600000, 0x0000000088700000, 0x0000000088700000|100%|HS|  |TAMS 0x0000000088600000, 0x0000000088600000| Complete 
| 135|0x0000000088700000, 0x0000000088800000, 0x0000000088800000|100%|HC|  |TAMS 0x0000000088700000, 0x0000000088700000| Complete 
| 136|0x0000000088800000, 0x0000000088800000, 0x0000000088900000|  0%| F|  |TAMS 0x0000000088800000, 0x0000000088800000| Untracked 
| 137|0x0000000088900000, 0x0000000088900000, 0x0000000088a00000|  0%| F|  |TAMS 0x0000000088900000, 0x0000000088900000| Untracked 
| 138|0x0000000088a00000, 0x0000000088a00000, 0x0000000088b00000|  0%| F|  |TAMS 0x0000000088a00000, 0x0000000088a00000| Untracked 
| 139|0x0000000088b00000, 0x0000000088b00000, 0x0000000088c00000|  0%| F|  |TAMS 0x0000000088b00000, 0x0000000088b00000| Untracked 
| 140|0x0000000088c00000, 0x0000000088c00000, 0x0000000088d00000|  0%| F|  |TAMS 0x0000000088c00000, 0x0000000088c00000| Untracked 
| 141|0x0000000088d00000, 0x0000000088d00000, 0x0000000088e00000|  0%| F|  |TAMS 0x0000000088d00000, 0x0000000088d00000| Untracked 
| 142|0x0000000088e00000, 0x0000000088e00000, 0x0000000088f00000|  0%| F|  |TAMS 0x0000000088e00000, 0x0000000088e00000| Untracked 
| 143|0x0000000088f00000, 0x0000000088f00000, 0x0000000089000000|  0%| F|  |TAMS 0x0000000088f00000, 0x0000000088f00000| Untracked 
| 144|0x0000000089000000, 0x0000000089000000, 0x0000000089100000|  0%| F|  |TAMS 0x0000000089000000, 0x0000000089000000| Untracked 
| 145|0x0000000089100000, 0x0000000089100000, 0x0000000089200000|  0%| F|  |TAMS 0x0000000089100000, 0x0000000089100000| Untracked 
| 146|0x0000000089200000, 0x0000000089200000, 0x0000000089300000|  0%| F|  |TAMS 0x0000000089200000, 0x0000000089200000| Untracked 
| 147|0x0000000089300000, 0x0000000089300000, 0x0000000089400000|  0%| F|  |TAMS 0x0000000089300000, 0x0000000089300000| Untracked 
| 148|0x0000000089400000, 0x0000000089400000, 0x0000000089500000|  0%| F|  |TAMS 0x0000000089400000, 0x0000000089400000| Untracked 
| 149|0x0000000089500000, 0x0000000089500000, 0x0000000089600000|  0%| F|  |TAMS 0x0000000089500000, 0x0000000089500000| Untracked 
| 150|0x0000000089600000, 0x0000000089600000, 0x0000000089700000|  0%| F|  |TAMS 0x0000000089600000, 0x0000000089600000| Untracked 
| 151|0x0000000089700000, 0x0000000089700000, 0x0000000089800000|  0%| F|  |TAMS 0x0000000089700000, 0x0000000089700000| Untracked 
| 152|0x0000000089800000, 0x0000000089800000, 0x0000000089900000|  0%| F|  |TAMS 0x0000000089800000, 0x0000000089800000| Untracked 
| 153|0x0000000089900000, 0x0000000089900000, 0x0000000089a00000|  0%| F|  |TAMS 0x0000000089900000, 0x0000000089900000| Untracked 
| 154|0x0000000089a00000, 0x0000000089a00000, 0x0000000089b00000|  0%| F|  |TAMS 0x0000000089a00000, 0x0000000089a00000| Untracked 
| 155|0x0000000089b00000, 0x0000000089b00000, 0x0000000089c00000|  0%| F|  |TAMS 0x0000000089b00000, 0x0000000089b00000| Untracked 
| 156|0x0000000089c00000, 0x0000000089c00000, 0x0000000089d00000|  0%| F|  |TAMS 0x0000000089c00000, 0x0000000089c00000| Untracked 
| 157|0x0000000089d00000, 0x0000000089d00000, 0x0000000089e00000|  0%| F|  |TAMS 0x0000000089d00000, 0x0000000089d00000| Untracked 
| 158|0x0000000089e00000, 0x0000000089e00000, 0x0000000089f00000|  0%| F|  |TAMS 0x0000000089e00000, 0x0000000089e00000| Untracked 
| 159|0x0000000089f00000, 0x0000000089f00000, 0x000000008a000000|  0%| F|  |TAMS 0x0000000089f00000, 0x0000000089f00000| Untracked 
| 160|0x000000008a000000, 0x000000008a000000, 0x000000008a100000|  0%| F|  |TAMS 0x000000008a000000, 0x000000008a000000| Untracked 
| 161|0x000000008a100000, 0x000000008a100000, 0x000000008a200000|  0%| F|  |TAMS 0x000000008a100000, 0x000000008a100000| Untracked 
| 162|0x000000008a200000, 0x000000008a200000, 0x000000008a300000|  0%| F|  |TAMS 0x000000008a200000, 0x000000008a200000| Untracked 
| 163|0x000000008a300000, 0x000000008a300000, 0x000000008a400000|  0%| F|  |TAMS 0x000000008a300000, 0x000000008a300000| Untracked 
| 164|0x000000008a400000, 0x000000008a400000, 0x000000008a500000|  0%| F|  |TAMS 0x000000008a400000, 0x000000008a400000| Untracked 
| 165|0x000000008a500000, 0x000000008a500000, 0x000000008a600000|  0%| F|  |TAMS 0x000000008a500000, 0x000000008a500000| Untracked 
| 166|0x000000008a600000, 0x000000008a600000, 0x000000008a700000|  0%| F|  |TAMS 0x000000008a600000, 0x000000008a600000| Untracked 
| 167|0x000000008a700000, 0x000000008a700000, 0x000000008a800000|  0%| F|  |TAMS 0x000000008a700000, 0x000000008a700000| Untracked 
| 168|0x000000008a800000, 0x000000008a800000, 0x000000008a900000|  0%| F|  |TAMS 0x000000008a800000, 0x000000008a800000| Untracked 
| 169|0x000000008a900000, 0x000000008a900000, 0x000000008aa00000|  0%| F|  |TAMS 0x000000008a900000, 0x000000008a900000| Untracked 
| 170|0x000000008aa00000, 0x000000008aa00000, 0x000000008ab00000|  0%| F|  |TAMS 0x000000008aa00000, 0x000000008aa00000| Untracked 
| 171|0x000000008ab00000, 0x000000008ab00000, 0x000000008ac00000|  0%| F|  |TAMS 0x000000008ab00000, 0x000000008ab00000| Untracked 
| 172|0x000000008ac00000, 0x000000008ac00000, 0x000000008ad00000|  0%| F|  |TAMS 0x000000008ac00000, 0x000000008ac00000| Untracked 
| 173|0x000000008ad00000, 0x000000008ad00000, 0x000000008ae00000|  0%| F|  |TAMS 0x000000008ad00000, 0x000000008ad00000| Untracked 
| 174|0x000000008ae00000, 0x000000008ae00000, 0x000000008af00000|  0%| F|  |TAMS 0x000000008ae00000, 0x000000008ae00000| Untracked 
| 175|0x000000008af00000, 0x000000008af00000, 0x000000008b000000|  0%| F|  |TAMS 0x000000008af00000, 0x000000008af00000| Untracked 
| 176|0x000000008b000000, 0x000000008b000000, 0x000000008b100000|  0%| F|  |TAMS 0x000000008b000000, 0x000000008b000000| Untracked 
| 177|0x000000008b100000, 0x000000008b100000, 0x000000008b200000|  0%| F|  |TAMS 0x000000008b100000, 0x000000008b100000| Untracked 
| 178|0x000000008b200000, 0x000000008b200000, 0x000000008b300000|  0%| F|  |TAMS 0x000000008b200000, 0x000000008b200000| Untracked 
| 179|0x000000008b300000, 0x000000008b300000, 0x000000008b400000|  0%| F|  |TAMS 0x000000008b300000, 0x000000008b300000| Untracked 
| 180|0x000000008b400000, 0x000000008b400000, 0x000000008b500000|  0%| F|  |TAMS 0x000000008b400000, 0x000000008b400000| Untracked 
| 181|0x000000008b500000, 0x000000008b500000, 0x000000008b600000|  0%| F|  |TAMS 0x000000008b500000, 0x000000008b500000| Untracked 
| 182|0x000000008b600000, 0x000000008b600000, 0x000000008b700000|  0%| F|  |TAMS 0x000000008b600000, 0x000000008b600000| Untracked 
| 183|0x000000008b700000, 0x000000008b700000, 0x000000008b800000|  0%| F|  |TAMS 0x000000008b700000, 0x000000008b700000| Untracked 
| 184|0x000000008b800000, 0x000000008b800000, 0x000000008b900000|  0%| F|  |TAMS 0x000000008b800000, 0x000000008b800000| Untracked 
| 185|0x000000008b900000, 0x000000008b900000, 0x000000008ba00000|  0%| F|  |TAMS 0x000000008b900000, 0x000000008b900000| Untracked 
| 186|0x000000008ba00000, 0x000000008ba49b58, 0x000000008bb00000| 28%| S|CS|TAMS 0x000000008ba00000, 0x000000008ba00000| Complete 
| 187|0x000000008bb00000, 0x000000008bb00000, 0x000000008bc00000|  0%| F|  |TAMS 0x000000008bb00000, 0x000000008bb00000| Untracked 
| 188|0x000000008bc00000, 0x000000008bc00000, 0x000000008bd00000|  0%| F|  |TAMS 0x000000008bc00000, 0x000000008bc00000| Untracked 
| 189|0x000000008bd00000, 0x000000008bd00000, 0x000000008be00000|  0%| F|  |TAMS 0x000000008bd00000, 0x000000008bd00000| Untracked 
| 190|0x000000008be00000, 0x000000008be00000, 0x000000008bf00000|  0%| F|  |TAMS 0x000000008be00000, 0x000000008be00000| Untracked 
| 191|0x000000008bf00000, 0x000000008bf00000, 0x000000008c000000|  0%| F|  |TAMS 0x000000008bf00000, 0x000000008bf00000| Untracked 
| 192|0x000000008c000000, 0x000000008c000000, 0x000000008c100000|  0%| F|  |TAMS 0x000000008c000000, 0x000000008c000000| Untracked 
| 193|0x000000008c100000, 0x000000008c100000, 0x000000008c200000|  0%| F|  |TAMS 0x000000008c100000, 0x000000008c100000| Untracked 
| 194|0x000000008c200000, 0x000000008c200000, 0x000000008c300000|  0%| F|  |TAMS 0x000000008c200000, 0x000000008c200000| Untracked 
| 195|0x000000008c300000, 0x000000008c300000, 0x000000008c400000|  0%| F|  |TAMS 0x000000008c300000, 0x000000008c300000| Untracked 
| 196|0x000000008c400000, 0x000000008c400000, 0x000000008c500000|  0%| F|  |TAMS 0x000000008c400000, 0x000000008c400000| Untracked 
| 197|0x000000008c500000, 0x000000008c500000, 0x000000008c600000|  0%| F|  |TAMS 0x000000008c500000, 0x000000008c500000| Untracked 
| 198|0x000000008c600000, 0x000000008c700000, 0x000000008c700000|100%| S|CS|TAMS 0x000000008c600000, 0x000000008c600000| Complete 
| 199|0x000000008c700000, 0x000000008c800000, 0x000000008c800000|100%| S|CS|TAMS 0x000000008c700000, 0x000000008c700000| Complete 
| 200|0x000000008c800000, 0x000000008c900000, 0x000000008c900000|100%| S|CS|TAMS 0x000000008c800000, 0x000000008c800000| Complete 
| 201|0x000000008c900000, 0x000000008ca00000, 0x000000008ca00000|100%| S|CS|TAMS 0x000000008c900000, 0x000000008c900000| Complete 
| 202|0x000000008ca00000, 0x000000008cb00000, 0x000000008cb00000|100%| S|CS|TAMS 0x000000008ca00000, 0x000000008ca00000| Complete 
| 203|0x000000008cb00000, 0x000000008cc00000, 0x000000008cc00000|100%| S|CS|TAMS 0x000000008cb00000, 0x000000008cb00000| Complete 
| 204|0x000000008cc00000, 0x000000008cd00000, 0x000000008cd00000|100%| S|CS|TAMS 0x000000008cc00000, 0x000000008cc00000| Complete 
| 205|0x000000008cd00000, 0x000000008ce00000, 0x000000008ce00000|100%| S|CS|TAMS 0x000000008cd00000, 0x000000008cd00000| Complete 
| 206|0x000000008ce00000, 0x000000008cf00000, 0x000000008cf00000|100%| S|CS|TAMS 0x000000008ce00000, 0x000000008ce00000| Complete 
| 207|0x000000008cf00000, 0x000000008d000000, 0x000000008d000000|100%| S|CS|TAMS 0x000000008cf00000, 0x000000008cf00000| Complete 
| 208|0x000000008d000000, 0x000000008d100000, 0x000000008d100000|100%| S|CS|TAMS 0x000000008d000000, 0x000000008d000000| Complete 
| 209|0x000000008d100000, 0x000000008d200000, 0x000000008d200000|100%| S|CS|TAMS 0x000000008d100000, 0x000000008d100000| Complete 
| 210|0x000000008d200000, 0x000000008d200000, 0x000000008d300000|  0%| F|  |TAMS 0x000000008d200000, 0x000000008d200000| Untracked 
| 211|0x000000008d300000, 0x000000008d300000, 0x000000008d400000|  0%| F|  |TAMS 0x000000008d300000, 0x000000008d300000| Untracked 
| 212|0x000000008d400000, 0x000000008d400000, 0x000000008d500000|  0%| F|  |TAMS 0x000000008d400000, 0x000000008d400000| Untracked 
| 213|0x000000008d500000, 0x000000008d500000, 0x000000008d600000|  0%| F|  |TAMS 0x000000008d500000, 0x000000008d500000| Untracked 
| 214|0x000000008d600000, 0x000000008d600000, 0x000000008d700000|  0%| F|  |TAMS 0x000000008d600000, 0x000000008d600000| Untracked 
| 215|0x000000008d700000, 0x000000008d700000, 0x000000008d800000|  0%| F|  |TAMS 0x000000008d700000, 0x000000008d700000| Untracked 
| 216|0x000000008d800000, 0x000000008d800000, 0x000000008d900000|  0%| F|  |TAMS 0x000000008d800000, 0x000000008d800000| Untracked 
| 217|0x000000008d900000, 0x000000008d900000, 0x000000008da00000|  0%| F|  |TAMS 0x000000008d900000, 0x000000008d900000| Untracked 
| 218|0x000000008da00000, 0x000000008da00000, 0x000000008db00000|  0%| F|  |TAMS 0x000000008da00000, 0x000000008da00000| Untracked 
| 219|0x000000008db00000, 0x000000008db00000, 0x000000008dc00000|  0%| F|  |TAMS 0x000000008db00000, 0x000000008db00000| Untracked 
| 220|0x000000008dc00000, 0x000000008dc00000, 0x000000008dd00000|  0%| F|  |TAMS 0x000000008dc00000, 0x000000008dc00000| Untracked 
| 221|0x000000008dd00000, 0x000000008dd00000, 0x000000008de00000|  0%| F|  |TAMS 0x000000008dd00000, 0x000000008dd00000| Untracked 
| 222|0x000000008de00000, 0x000000008de00000, 0x000000008df00000|  0%| F|  |TAMS 0x000000008de00000, 0x000000008de00000| Untracked 
| 223|0x000000008df00000, 0x000000008df00000, 0x000000008e000000|  0%| F|  |TAMS 0x000000008df00000, 0x000000008df00000| Untracked 
| 224|0x000000008e000000, 0x000000008e000000, 0x000000008e100000|  0%| F|  |TAMS 0x000000008e000000, 0x000000008e000000| Untracked 
| 225|0x000000008e100000, 0x000000008e100000, 0x000000008e200000|  0%| F|  |TAMS 0x000000008e100000, 0x000000008e100000| Untracked 
| 226|0x000000008e200000, 0x000000008e200000, 0x000000008e300000|  0%| F|  |TAMS 0x000000008e200000, 0x000000008e200000| Untracked 
| 227|0x000000008e300000, 0x000000008e300000, 0x000000008e400000|  0%| F|  |TAMS 0x000000008e300000, 0x000000008e300000| Untracked 
| 228|0x000000008e400000, 0x000000008e400000, 0x000000008e500000|  0%| F|  |TAMS 0x000000008e400000, 0x000000008e400000| Untracked 
| 229|0x000000008e500000, 0x000000008e500000, 0x000000008e600000|  0%| F|  |TAMS 0x000000008e500000, 0x000000008e500000| Untracked 
| 230|0x000000008e600000, 0x000000008e600000, 0x000000008e700000|  0%| F|  |TAMS 0x000000008e600000, 0x000000008e600000| Untracked 
| 231|0x000000008e700000, 0x000000008e700000, 0x000000008e800000|  0%| F|  |TAMS 0x000000008e700000, 0x000000008e700000| Untracked 
| 232|0x000000008e800000, 0x000000008e800000, 0x000000008e900000|  0%| F|  |TAMS 0x000000008e800000, 0x000000008e800000| Untracked 
| 233|0x000000008e900000, 0x000000008e900000, 0x000000008ea00000|  0%| F|  |TAMS 0x000000008e900000, 0x000000008e900000| Untracked 
| 234|0x000000008ea00000, 0x000000008ea00000, 0x000000008eb00000|  0%| F|  |TAMS 0x000000008ea00000, 0x000000008ea00000| Untracked 
| 235|0x000000008eb00000, 0x000000008eb00000, 0x000000008ec00000|  0%| F|  |TAMS 0x000000008eb00000, 0x000000008eb00000| Untracked 
| 236|0x000000008ec00000, 0x000000008ec00000, 0x000000008ed00000|  0%| F|  |TAMS 0x000000008ec00000, 0x000000008ec00000| Untracked 
| 237|0x000000008ed00000, 0x000000008ed00000, 0x000000008ee00000|  0%| F|  |TAMS 0x000000008ed00000, 0x000000008ed00000| Untracked 
| 238|0x000000008ee00000, 0x000000008ee00000, 0x000000008ef00000|  0%| F|  |TAMS 0x000000008ee00000, 0x000000008ee00000| Untracked 
| 239|0x000000008ef00000, 0x000000008ef00000, 0x000000008f000000|  0%| F|  |TAMS 0x000000008ef00000, 0x000000008ef00000| Untracked 
| 240|0x000000008f000000, 0x000000008f000000, 0x000000008f100000|  0%| F|  |TAMS 0x000000008f000000, 0x000000008f000000| Untracked 
| 241|0x000000008f100000, 0x000000008f100000, 0x000000008f200000|  0%| F|  |TAMS 0x000000008f100000, 0x000000008f100000| Untracked 
| 242|0x000000008f200000, 0x000000008f200000, 0x000000008f300000|  0%| F|  |TAMS 0x000000008f200000, 0x000000008f200000| Untracked 
| 243|0x000000008f300000, 0x000000008f300000, 0x000000008f400000|  0%| F|  |TAMS 0x000000008f300000, 0x000000008f300000| Untracked 
| 244|0x000000008f400000, 0x000000008f400000, 0x000000008f500000|  0%| F|  |TAMS 0x000000008f400000, 0x000000008f400000| Untracked 
| 245|0x000000008f500000, 0x000000008f500000, 0x000000008f600000|  0%| F|  |TAMS 0x000000008f500000, 0x000000008f500000| Untracked 
| 246|0x000000008f600000, 0x000000008f600000, 0x000000008f700000|  0%| F|  |TAMS 0x000000008f600000, 0x000000008f600000| Untracked 
| 247|0x000000008f700000, 0x000000008f700000, 0x000000008f800000|  0%| F|  |TAMS 0x000000008f700000, 0x000000008f700000| Untracked 
| 248|0x000000008f800000, 0x000000008f800000, 0x000000008f900000|  0%| F|  |TAMS 0x000000008f800000, 0x000000008f800000| Untracked 
| 249|0x000000008f900000, 0x000000008f900000, 0x000000008fa00000|  0%| F|  |TAMS 0x000000008f900000, 0x000000008f900000| Untracked 
| 250|0x000000008fa00000, 0x000000008fa00000, 0x000000008fb00000|  0%| F|  |TAMS 0x000000008fa00000, 0x000000008fa00000| Untracked 
| 251|0x000000008fb00000, 0x000000008fb00000, 0x000000008fc00000|  0%| F|  |TAMS 0x000000008fb00000, 0x000000008fb00000| Untracked 
| 252|0x000000008fc00000, 0x000000008fc00000, 0x000000008fd00000|  0%| F|  |TAMS 0x000000008fc00000, 0x000000008fc00000| Untracked 
| 253|0x000000008fd00000, 0x000000008fd00000, 0x000000008fe00000|  0%| F|  |TAMS 0x000000008fd00000, 0x000000008fd00000| Untracked 
| 254|0x000000008fe00000, 0x000000008fe00000, 0x000000008ff00000|  0%| F|  |TAMS 0x000000008fe00000, 0x000000008fe00000| Untracked 
| 255|0x000000008ff00000, 0x000000008ff00000, 0x0000000090000000|  0%| F|  |TAMS 0x000000008ff00000, 0x000000008ff00000| Untracked 
| 256|0x0000000090000000, 0x0000000090000000, 0x0000000090100000|  0%| F|  |TAMS 0x0000000090000000, 0x0000000090000000| Untracked 
| 257|0x0000000090100000, 0x0000000090100000, 0x0000000090200000|  0%| F|  |TAMS 0x0000000090100000, 0x0000000090100000| Untracked 
| 258|0x0000000090200000, 0x0000000090200000, 0x0000000090300000|  0%| F|  |TAMS 0x0000000090200000, 0x0000000090200000| Untracked 
| 259|0x0000000090300000, 0x0000000090300000, 0x0000000090400000|  0%| F|  |TAMS 0x0000000090300000, 0x0000000090300000| Untracked 
| 260|0x0000000090400000, 0x0000000090400000, 0x0000000090500000|  0%| F|  |TAMS 0x0000000090400000, 0x0000000090400000| Untracked 
| 261|0x0000000090500000, 0x0000000090500000, 0x0000000090600000|  0%| F|  |TAMS 0x0000000090500000, 0x0000000090500000| Untracked 
| 262|0x0000000090600000, 0x0000000090600000, 0x0000000090700000|  0%| F|  |TAMS 0x0000000090600000, 0x0000000090600000| Untracked 
| 263|0x0000000090700000, 0x0000000090700000, 0x0000000090800000|  0%| F|  |TAMS 0x0000000090700000, 0x0000000090700000| Untracked 
| 264|0x0000000090800000, 0x0000000090800000, 0x0000000090900000|  0%| F|  |TAMS 0x0000000090800000, 0x0000000090800000| Untracked 
| 265|0x0000000090900000, 0x0000000090900000, 0x0000000090a00000|  0%| F|  |TAMS 0x0000000090900000, 0x0000000090900000| Untracked 
| 266|0x0000000090a00000, 0x0000000090a00000, 0x0000000090b00000|  0%| F|  |TAMS 0x0000000090a00000, 0x0000000090a00000| Untracked 
| 267|0x0000000090b00000, 0x0000000090b00000, 0x0000000090c00000|  0%| F|  |TAMS 0x0000000090b00000, 0x0000000090b00000| Untracked 
| 268|0x0000000090c00000, 0x0000000090c00000, 0x0000000090d00000|  0%| F|  |TAMS 0x0000000090c00000, 0x0000000090c00000| Untracked 
| 269|0x0000000090d00000, 0x0000000090d00000, 0x0000000090e00000|  0%| F|  |TAMS 0x0000000090d00000, 0x0000000090d00000| Untracked 
| 270|0x0000000090e00000, 0x0000000090e00000, 0x0000000090f00000|  0%| F|  |TAMS 0x0000000090e00000, 0x0000000090e00000| Untracked 
| 271|0x0000000090f00000, 0x0000000090f00000, 0x0000000091000000|  0%| F|  |TAMS 0x0000000090f00000, 0x0000000090f00000| Untracked 
| 272|0x0000000091000000, 0x0000000091000000, 0x0000000091100000|  0%| F|  |TAMS 0x0000000091000000, 0x0000000091000000| Untracked 
| 273|0x0000000091100000, 0x0000000091100000, 0x0000000091200000|  0%| F|  |TAMS 0x0000000091100000, 0x0000000091100000| Untracked 
| 274|0x0000000091200000, 0x0000000091200000, 0x0000000091300000|  0%| F|  |TAMS 0x0000000091200000, 0x0000000091200000| Untracked 
| 275|0x0000000091300000, 0x0000000091300000, 0x0000000091400000|  0%| F|  |TAMS 0x0000000091300000, 0x0000000091300000| Untracked 
| 276|0x0000000091400000, 0x0000000091400000, 0x0000000091500000|  0%| F|  |TAMS 0x0000000091400000, 0x0000000091400000| Untracked 
| 277|0x0000000091500000, 0x0000000091500000, 0x0000000091600000|  0%| F|  |TAMS 0x0000000091500000, 0x0000000091500000| Untracked 
| 278|0x0000000091600000, 0x0000000091600000, 0x0000000091700000|  0%| F|  |TAMS 0x0000000091600000, 0x0000000091600000| Untracked 
| 279|0x0000000091700000, 0x0000000091700000, 0x0000000091800000|  0%| F|  |TAMS 0x0000000091700000, 0x0000000091700000| Untracked 
| 280|0x0000000091800000, 0x0000000091800000, 0x0000000091900000|  0%| F|  |TAMS 0x0000000091800000, 0x0000000091800000| Untracked 
| 281|0x0000000091900000, 0x0000000091900000, 0x0000000091a00000|  0%| F|  |TAMS 0x0000000091900000, 0x0000000091900000| Untracked 
| 282|0x0000000091a00000, 0x0000000091a00000, 0x0000000091b00000|  0%| F|  |TAMS 0x0000000091a00000, 0x0000000091a00000| Untracked 
| 283|0x0000000091b00000, 0x0000000091b00000, 0x0000000091c00000|  0%| F|  |TAMS 0x0000000091b00000, 0x0000000091b00000| Untracked 
| 284|0x0000000091c00000, 0x0000000091c00000, 0x0000000091d00000|  0%| F|  |TAMS 0x0000000091c00000, 0x0000000091c00000| Untracked 
| 285|0x0000000091d00000, 0x0000000091d00000, 0x0000000091e00000|  0%| F|  |TAMS 0x0000000091d00000, 0x0000000091d00000| Untracked 
| 286|0x0000000091e00000, 0x0000000091e00000, 0x0000000091f00000|  0%| F|  |TAMS 0x0000000091e00000, 0x0000000091e00000| Untracked 
| 287|0x0000000091f00000, 0x0000000091f00000, 0x0000000092000000|  0%| F|  |TAMS 0x0000000091f00000, 0x0000000091f00000| Untracked 
| 288|0x0000000092000000, 0x0000000092000000, 0x0000000092100000|  0%| F|  |TAMS 0x0000000092000000, 0x0000000092000000| Untracked 
| 289|0x0000000092100000, 0x0000000092100000, 0x0000000092200000|  0%| F|  |TAMS 0x0000000092100000, 0x0000000092100000| Untracked 
| 290|0x0000000092200000, 0x0000000092200000, 0x0000000092300000|  0%| F|  |TAMS 0x0000000092200000, 0x0000000092200000| Untracked 
| 291|0x0000000092300000, 0x0000000092300000, 0x0000000092400000|  0%| F|  |TAMS 0x0000000092300000, 0x0000000092300000| Untracked 
| 292|0x0000000092400000, 0x0000000092400000, 0x0000000092500000|  0%| F|  |TAMS 0x0000000092400000, 0x0000000092400000| Untracked 
| 293|0x0000000092500000, 0x0000000092500000, 0x0000000092600000|  0%| F|  |TAMS 0x0000000092500000, 0x0000000092500000| Untracked 
| 294|0x0000000092600000, 0x0000000092600000, 0x0000000092700000|  0%| F|  |TAMS 0x0000000092600000, 0x0000000092600000| Untracked 
| 295|0x0000000092700000, 0x0000000092700000, 0x0000000092800000|  0%| F|  |TAMS 0x0000000092700000, 0x0000000092700000| Untracked 
| 296|0x0000000092800000, 0x0000000092800000, 0x0000000092900000|  0%| F|  |TAMS 0x0000000092800000, 0x0000000092800000| Untracked 
| 297|0x0000000092900000, 0x0000000092900000, 0x0000000092a00000|  0%| F|  |TAMS 0x0000000092900000, 0x0000000092900000| Untracked 
| 298|0x0000000092a00000, 0x0000000092a00000, 0x0000000092b00000|  0%| F|  |TAMS 0x0000000092a00000, 0x0000000092a00000| Untracked 
| 299|0x0000000092b00000, 0x0000000092b00000, 0x0000000092c00000|  0%| F|  |TAMS 0x0000000092b00000, 0x0000000092b00000| Untracked 
| 300|0x0000000092c00000, 0x0000000092c00000, 0x0000000092d00000|  0%| F|  |TAMS 0x0000000092c00000, 0x0000000092c00000| Untracked 
| 301|0x0000000092d00000, 0x0000000092d00000, 0x0000000092e00000|  0%| F|  |TAMS 0x0000000092d00000, 0x0000000092d00000| Untracked 
| 302|0x0000000092e00000, 0x0000000092e00000, 0x0000000092f00000|  0%| F|  |TAMS 0x0000000092e00000, 0x0000000092e00000| Untracked 
| 303|0x0000000092f00000, 0x0000000092f00000, 0x0000000093000000|  0%| F|  |TAMS 0x0000000092f00000, 0x0000000092f00000| Untracked 
| 304|0x0000000093000000, 0x0000000093000000, 0x0000000093100000|  0%| F|  |TAMS 0x0000000093000000, 0x0000000093000000| Untracked 
| 305|0x0000000093100000, 0x0000000093100000, 0x0000000093200000|  0%| F|  |TAMS 0x0000000093100000, 0x0000000093100000| Untracked 
| 306|0x0000000093200000, 0x0000000093200000, 0x0000000093300000|  0%| F|  |TAMS 0x0000000093200000, 0x0000000093200000| Untracked 
| 307|0x0000000093300000, 0x0000000093300000, 0x0000000093400000|  0%| F|  |TAMS 0x0000000093300000, 0x0000000093300000| Untracked 
| 308|0x0000000093400000, 0x0000000093400000, 0x0000000093500000|  0%| F|  |TAMS 0x0000000093400000, 0x0000000093400000| Untracked 
| 309|0x0000000093500000, 0x0000000093500000, 0x0000000093600000|  0%| F|  |TAMS 0x0000000093500000, 0x0000000093500000| Untracked 
| 310|0x0000000093600000, 0x0000000093600000, 0x0000000093700000|  0%| F|  |TAMS 0x0000000093600000, 0x0000000093600000| Untracked 
| 311|0x0000000093700000, 0x0000000093700000, 0x0000000093800000|  0%| F|  |TAMS 0x0000000093700000, 0x0000000093700000| Untracked 
| 312|0x0000000093800000, 0x0000000093800000, 0x0000000093900000|  0%| F|  |TAMS 0x0000000093800000, 0x0000000093800000| Untracked 
| 313|0x0000000093900000, 0x0000000093900000, 0x0000000093a00000|  0%| F|  |TAMS 0x0000000093900000, 0x0000000093900000| Untracked 
| 314|0x0000000093a00000, 0x0000000093a00000, 0x0000000093b00000|  0%| F|  |TAMS 0x0000000093a00000, 0x0000000093a00000| Untracked 
| 315|0x0000000093b00000, 0x0000000093b00000, 0x0000000093c00000|  0%| F|  |TAMS 0x0000000093b00000, 0x0000000093b00000| Untracked 
| 316|0x0000000093c00000, 0x0000000093c00000, 0x0000000093d00000|  0%| F|  |TAMS 0x0000000093c00000, 0x0000000093c00000| Untracked 
| 317|0x0000000093d00000, 0x0000000093d00000, 0x0000000093e00000|  0%| F|  |TAMS 0x0000000093d00000, 0x0000000093d00000| Untracked 
| 318|0x0000000093e00000, 0x0000000093e00000, 0x0000000093f00000|  0%| F|  |TAMS 0x0000000093e00000, 0x0000000093e00000| Untracked 
| 319|0x0000000093f00000, 0x0000000093f00000, 0x0000000094000000|  0%| F|  |TAMS 0x0000000093f00000, 0x0000000093f00000| Untracked 
| 320|0x0000000094000000, 0x0000000094000000, 0x0000000094100000|  0%| F|  |TAMS 0x0000000094000000, 0x0000000094000000| Untracked 
| 321|0x0000000094100000, 0x0000000094100000, 0x0000000094200000|  0%| F|  |TAMS 0x0000000094100000, 0x0000000094100000| Untracked 
| 322|0x0000000094200000, 0x0000000094200000, 0x0000000094300000|  0%| F|  |TAMS 0x0000000094200000, 0x0000000094200000| Untracked 
| 323|0x0000000094300000, 0x0000000094300000, 0x0000000094400000|  0%| F|  |TAMS 0x0000000094300000, 0x0000000094300000| Untracked 
| 324|0x0000000094400000, 0x0000000094400000, 0x0000000094500000|  0%| F|  |TAMS 0x0000000094400000, 0x0000000094400000| Untracked 
| 325|0x0000000094500000, 0x0000000094500000, 0x0000000094600000|  0%| F|  |TAMS 0x0000000094500000, 0x0000000094500000| Untracked 
| 326|0x0000000094600000, 0x0000000094600000, 0x0000000094700000|  0%| F|  |TAMS 0x0000000094600000, 0x0000000094600000| Untracked 
| 327|0x0000000094700000, 0x0000000094700000, 0x0000000094800000|  0%| F|  |TAMS 0x0000000094700000, 0x0000000094700000| Untracked 
| 328|0x0000000094800000, 0x0000000094800000, 0x0000000094900000|  0%| F|  |TAMS 0x0000000094800000, 0x0000000094800000| Untracked 
| 329|0x0000000094900000, 0x0000000094900000, 0x0000000094a00000|  0%| F|  |TAMS 0x0000000094900000, 0x0000000094900000| Untracked 
| 330|0x0000000094a00000, 0x0000000094a00000, 0x0000000094b00000|  0%| F|  |TAMS 0x0000000094a00000, 0x0000000094a00000| Untracked 
| 331|0x0000000094b00000, 0x0000000094b00000, 0x0000000094c00000|  0%| F|  |TAMS 0x0000000094b00000, 0x0000000094b00000| Untracked 
| 332|0x0000000094c00000, 0x0000000094c00000, 0x0000000094d00000|  0%| F|  |TAMS 0x0000000094c00000, 0x0000000094c00000| Untracked 
| 333|0x0000000094d00000, 0x0000000094d00000, 0x0000000094e00000|  0%| F|  |TAMS 0x0000000094d00000, 0x0000000094d00000| Untracked 
| 334|0x0000000094e00000, 0x0000000094e00000, 0x0000000094f00000|  0%| F|  |TAMS 0x0000000094e00000, 0x0000000094e00000| Untracked 
| 335|0x0000000094f00000, 0x0000000094f00000, 0x0000000095000000|  0%| F|  |TAMS 0x0000000094f00000, 0x0000000094f00000| Untracked 
| 336|0x0000000095000000, 0x0000000095000000, 0x0000000095100000|  0%| F|  |TAMS 0x0000000095000000, 0x0000000095000000| Untracked 
| 337|0x0000000095100000, 0x00000000951e0ad8, 0x0000000095200000| 87%| E|  |TAMS 0x0000000095100000, 0x0000000095100000| Complete 
| 338|0x0000000095200000, 0x0000000095300000, 0x0000000095300000|100%| E|CS|TAMS 0x0000000095200000, 0x0000000095200000| Complete 
| 339|0x0000000095300000, 0x0000000095400000, 0x0000000095400000|100%| E|CS|TAMS 0x0000000095300000, 0x0000000095300000| Complete 
| 340|0x0000000095400000, 0x0000000095500000, 0x0000000095500000|100%| E|CS|TAMS 0x0000000095400000, 0x0000000095400000| Complete 
| 341|0x0000000095500000, 0x0000000095600000, 0x0000000095600000|100%| E|CS|TAMS 0x0000000095500000, 0x0000000095500000| Complete 
| 342|0x0000000095600000, 0x0000000095700000, 0x0000000095700000|100%| E|CS|TAMS 0x0000000095600000, 0x0000000095600000| Complete 
| 343|0x0000000095700000, 0x0000000095800000, 0x0000000095800000|100%| E|CS|TAMS 0x0000000095700000, 0x0000000095700000| Complete 
| 344|0x0000000095800000, 0x0000000095900000, 0x0000000095900000|100%| E|CS|TAMS 0x0000000095800000, 0x0000000095800000| Complete 
| 345|0x0000000095900000, 0x0000000095a00000, 0x0000000095a00000|100%| E|  |TAMS 0x0000000095900000, 0x0000000095900000| Complete 
| 346|0x0000000095a00000, 0x0000000095b00000, 0x0000000095b00000|100%| E|CS|TAMS 0x0000000095a00000, 0x0000000095a00000| Complete 
| 347|0x0000000095b00000, 0x0000000095c00000, 0x0000000095c00000|100%| E|CS|TAMS 0x0000000095b00000, 0x0000000095b00000| Complete 
| 348|0x0000000095c00000, 0x0000000095d00000, 0x0000000095d00000|100%| E|CS|TAMS 0x0000000095c00000, 0x0000000095c00000| Complete 
| 349|0x0000000095d00000, 0x0000000095e00000, 0x0000000095e00000|100%| E|CS|TAMS 0x0000000095d00000, 0x0000000095d00000| Complete 
| 350|0x0000000095e00000, 0x0000000095f00000, 0x0000000095f00000|100%| E|CS|TAMS 0x0000000095e00000, 0x0000000095e00000| Complete 
| 351|0x0000000095f00000, 0x0000000096000000, 0x0000000096000000|100%| E|CS|TAMS 0x0000000095f00000, 0x0000000095f00000| Complete 
| 352|0x0000000096000000, 0x0000000096100000, 0x0000000096100000|100%| E|CS|TAMS 0x0000000096000000, 0x0000000096000000| Complete 
| 353|0x0000000096100000, 0x0000000096200000, 0x0000000096200000|100%| E|CS|TAMS 0x0000000096100000, 0x0000000096100000| Complete 
| 354|0x0000000096200000, 0x0000000096300000, 0x0000000096300000|100%| E|CS|TAMS 0x0000000096200000, 0x0000000096200000| Complete 
| 355|0x0000000096300000, 0x0000000096400000, 0x0000000096400000|100%| E|CS|TAMS 0x0000000096300000, 0x0000000096300000| Complete 
| 356|0x0000000096400000, 0x0000000096500000, 0x0000000096500000|100%| E|CS|TAMS 0x0000000096400000, 0x0000000096400000| Complete 
| 357|0x0000000096500000, 0x0000000096600000, 0x0000000096600000|100%| E|CS|TAMS 0x0000000096500000, 0x0000000096500000| Complete 
| 358|0x0000000096600000, 0x0000000096700000, 0x0000000096700000|100%| E|CS|TAMS 0x0000000096600000, 0x0000000096600000| Complete 
| 359|0x0000000096700000, 0x0000000096800000, 0x0000000096800000|100%| E|CS|TAMS 0x0000000096700000, 0x0000000096700000| Complete 
| 360|0x0000000096800000, 0x0000000096900000, 0x0000000096900000|100%| E|CS|TAMS 0x0000000096800000, 0x0000000096800000| Complete 
| 361|0x0000000096900000, 0x0000000096a00000, 0x0000000096a00000|100%| E|CS|TAMS 0x0000000096900000, 0x0000000096900000| Complete 
| 362|0x0000000096a00000, 0x0000000096b00000, 0x0000000096b00000|100%| E|CS|TAMS 0x0000000096a00000, 0x0000000096a00000| Complete 
| 363|0x0000000096b00000, 0x0000000096c00000, 0x0000000096c00000|100%| E|CS|TAMS 0x0000000096b00000, 0x0000000096b00000| Complete 
| 364|0x0000000096c00000, 0x0000000096d00000, 0x0000000096d00000|100%| E|CS|TAMS 0x0000000096c00000, 0x0000000096c00000| Complete 
| 365|0x0000000096d00000, 0x0000000096e00000, 0x0000000096e00000|100%| E|CS|TAMS 0x0000000096d00000, 0x0000000096d00000| Complete 
| 366|0x0000000096e00000, 0x0000000096f00000, 0x0000000096f00000|100%| E|CS|TAMS 0x0000000096e00000, 0x0000000096e00000| Complete 
| 367|0x0000000096f00000, 0x0000000097000000, 0x0000000097000000|100%| E|CS|TAMS 0x0000000096f00000, 0x0000000096f00000| Complete 
| 368|0x0000000097000000, 0x0000000097100000, 0x0000000097100000|100%| E|CS|TAMS 0x0000000097000000, 0x0000000097000000| Complete 
| 369|0x0000000097100000, 0x0000000097200000, 0x0000000097200000|100%| E|CS|TAMS 0x0000000097100000, 0x0000000097100000| Complete 
| 370|0x0000000097200000, 0x0000000097300000, 0x0000000097300000|100%| E|CS|TAMS 0x0000000097200000, 0x0000000097200000| Complete 
| 371|0x0000000097300000, 0x0000000097400000, 0x0000000097400000|100%| E|CS|TAMS 0x0000000097300000, 0x0000000097300000| Complete 
| 372|0x0000000097400000, 0x0000000097500000, 0x0000000097500000|100%| E|CS|TAMS 0x0000000097400000, 0x0000000097400000| Complete 
| 373|0x0000000097500000, 0x0000000097600000, 0x0000000097600000|100%| E|CS|TAMS 0x0000000097500000, 0x0000000097500000| Complete 
| 374|0x0000000097600000, 0x0000000097700000, 0x0000000097700000|100%| E|CS|TAMS 0x0000000097600000, 0x0000000097600000| Complete 
| 375|0x0000000097700000, 0x0000000097800000, 0x0000000097800000|100%| E|CS|TAMS 0x0000000097700000, 0x0000000097700000| Complete 
| 376|0x0000000097800000, 0x0000000097900000, 0x0000000097900000|100%| E|CS|TAMS 0x0000000097800000, 0x0000000097800000| Complete 
| 377|0x0000000097900000, 0x0000000097a00000, 0x0000000097a00000|100%| E|CS|TAMS 0x0000000097900000, 0x0000000097900000| Complete 
| 378|0x0000000097a00000, 0x0000000097b00000, 0x0000000097b00000|100%| E|CS|TAMS 0x0000000097a00000, 0x0000000097a00000| Complete 
| 379|0x0000000097b00000, 0x0000000097c00000, 0x0000000097c00000|100%| E|CS|TAMS 0x0000000097b00000, 0x0000000097b00000| Complete 
| 380|0x0000000097c00000, 0x0000000097d00000, 0x0000000097d00000|100%| E|CS|TAMS 0x0000000097c00000, 0x0000000097c00000| Complete 
| 381|0x0000000097d00000, 0x0000000097e00000, 0x0000000097e00000|100%| E|CS|TAMS 0x0000000097d00000, 0x0000000097d00000| Complete 
| 382|0x0000000097e00000, 0x0000000097f00000, 0x0000000097f00000|100%| E|CS|TAMS 0x0000000097e00000, 0x0000000097e00000| Complete 
| 383|0x0000000097f00000, 0x0000000098000000, 0x0000000098000000|100%| E|CS|TAMS 0x0000000097f00000, 0x0000000097f00000| Complete 
| 384|0x0000000098000000, 0x0000000098100000, 0x0000000098100000|100%| E|CS|TAMS 0x0000000098000000, 0x0000000098000000| Complete 
| 385|0x0000000098100000, 0x0000000098200000, 0x0000000098200000|100%| E|CS|TAMS 0x0000000098100000, 0x0000000098100000| Complete 
| 386|0x0000000098200000, 0x0000000098300000, 0x0000000098300000|100%| E|CS|TAMS 0x0000000098200000, 0x0000000098200000| Complete 
| 387|0x0000000098300000, 0x0000000098400000, 0x0000000098400000|100%| E|CS|TAMS 0x0000000098300000, 0x0000000098300000| Complete 
| 388|0x0000000098400000, 0x0000000098500000, 0x0000000098500000|100%| E|CS|TAMS 0x0000000098400000, 0x0000000098400000| Complete 
| 389|0x0000000098500000, 0x0000000098600000, 0x0000000098600000|100%| E|CS|TAMS 0x0000000098500000, 0x0000000098500000| Complete 
| 390|0x0000000098600000, 0x0000000098700000, 0x0000000098700000|100%| E|CS|TAMS 0x0000000098600000, 0x0000000098600000| Complete 
| 391|0x0000000098700000, 0x0000000098800000, 0x0000000098800000|100%| E|CS|TAMS 0x0000000098700000, 0x0000000098700000| Complete 
| 392|0x0000000098800000, 0x0000000098900000, 0x0000000098900000|100%| E|CS|TAMS 0x0000000098800000, 0x0000000098800000| Complete 
| 393|0x0000000098900000, 0x0000000098a00000, 0x0000000098a00000|100%| E|CS|TAMS 0x0000000098900000, 0x0000000098900000| Complete 
| 394|0x0000000098a00000, 0x0000000098b00000, 0x0000000098b00000|100%| E|CS|TAMS 0x0000000098a00000, 0x0000000098a00000| Complete 
| 395|0x0000000098b00000, 0x0000000098c00000, 0x0000000098c00000|100%| E|CS|TAMS 0x0000000098b00000, 0x0000000098b00000| Complete 
| 396|0x0000000098c00000, 0x0000000098d00000, 0x0000000098d00000|100%| E|CS|TAMS 0x0000000098c00000, 0x0000000098c00000| Complete 
| 397|0x0000000098d00000, 0x0000000098e00000, 0x0000000098e00000|100%| E|CS|TAMS 0x0000000098d00000, 0x0000000098d00000| Complete 
| 398|0x0000000098e00000, 0x0000000098f00000, 0x0000000098f00000|100%| E|CS|TAMS 0x0000000098e00000, 0x0000000098e00000| Complete 
| 399|0x0000000098f00000, 0x0000000099000000, 0x0000000099000000|100%| E|CS|TAMS 0x0000000098f00000, 0x0000000098f00000| Complete 
| 400|0x0000000099000000, 0x0000000099100000, 0x0000000099100000|100%| E|CS|TAMS 0x0000000099000000, 0x0000000099000000| Complete 
| 401|0x0000000099100000, 0x0000000099200000, 0x0000000099200000|100%| E|CS|TAMS 0x0000000099100000, 0x0000000099100000| Complete 
| 402|0x0000000099200000, 0x0000000099300000, 0x0000000099300000|100%| E|CS|TAMS 0x0000000099200000, 0x0000000099200000| Complete 
| 403|0x0000000099300000, 0x0000000099400000, 0x0000000099400000|100%| E|CS|TAMS 0x0000000099300000, 0x0000000099300000| Complete 
| 404|0x0000000099400000, 0x0000000099500000, 0x0000000099500000|100%| E|CS|TAMS 0x0000000099400000, 0x0000000099400000| Complete 
| 405|0x0000000099500000, 0x0000000099600000, 0x0000000099600000|100%| E|CS|TAMS 0x0000000099500000, 0x0000000099500000| Complete 
| 406|0x0000000099600000, 0x0000000099700000, 0x0000000099700000|100%| E|CS|TAMS 0x0000000099600000, 0x0000000099600000| Complete 
| 407|0x0000000099700000, 0x0000000099800000, 0x0000000099800000|100%| E|CS|TAMS 0x0000000099700000, 0x0000000099700000| Complete 
| 408|0x0000000099800000, 0x0000000099900000, 0x0000000099900000|100%| E|CS|TAMS 0x0000000099800000, 0x0000000099800000| Complete 
| 409|0x0000000099900000, 0x0000000099a00000, 0x0000000099a00000|100%| E|CS|TAMS 0x0000000099900000, 0x0000000099900000| Complete 
| 410|0x0000000099a00000, 0x0000000099b00000, 0x0000000099b00000|100%| E|CS|TAMS 0x0000000099a00000, 0x0000000099a00000| Complete 
| 411|0x0000000099b00000, 0x0000000099c00000, 0x0000000099c00000|100%| E|CS|TAMS 0x0000000099b00000, 0x0000000099b00000| Complete 
| 412|0x0000000099c00000, 0x0000000099d00000, 0x0000000099d00000|100%| E|CS|TAMS 0x0000000099c00000, 0x0000000099c00000| Complete 
| 413|0x0000000099d00000, 0x0000000099e00000, 0x0000000099e00000|100%| E|CS|TAMS 0x0000000099d00000, 0x0000000099d00000| Complete 
| 414|0x0000000099e00000, 0x0000000099f00000, 0x0000000099f00000|100%| E|CS|TAMS 0x0000000099e00000, 0x0000000099e00000| Complete 
| 415|0x0000000099f00000, 0x000000009a000000, 0x000000009a000000|100%| E|CS|TAMS 0x0000000099f00000, 0x0000000099f00000| Complete 
| 416|0x000000009a000000, 0x000000009a100000, 0x000000009a100000|100%| E|CS|TAMS 0x000000009a000000, 0x000000009a000000| Complete 
| 417|0x000000009a100000, 0x000000009a200000, 0x000000009a200000|100%| E|CS|TAMS 0x000000009a100000, 0x000000009a100000| Complete 
| 418|0x000000009a200000, 0x000000009a300000, 0x000000009a300000|100%| E|CS|TAMS 0x000000009a200000, 0x000000009a200000| Complete 
| 419|0x000000009a300000, 0x000000009a400000, 0x000000009a400000|100%| E|CS|TAMS 0x000000009a300000, 0x000000009a300000| Complete 
| 420|0x000000009a400000, 0x000000009a500000, 0x000000009a500000|100%| E|CS|TAMS 0x000000009a400000, 0x000000009a400000| Complete 
| 421|0x000000009a500000, 0x000000009a600000, 0x000000009a600000|100%| E|CS|TAMS 0x000000009a500000, 0x000000009a500000| Complete 
| 422|0x000000009a600000, 0x000000009a700000, 0x000000009a700000|100%| E|CS|TAMS 0x000000009a600000, 0x000000009a600000| Complete 
| 423|0x000000009a700000, 0x000000009a800000, 0x000000009a800000|100%| E|CS|TAMS 0x000000009a700000, 0x000000009a700000| Complete 
| 424|0x000000009a800000, 0x000000009a900000, 0x000000009a900000|100%| E|CS|TAMS 0x000000009a800000, 0x000000009a800000| Complete 
| 425|0x000000009a900000, 0x000000009aa00000, 0x000000009aa00000|100%| E|CS|TAMS 0x000000009a900000, 0x000000009a900000| Complete 
| 426|0x000000009aa00000, 0x000000009ab00000, 0x000000009ab00000|100%| E|CS|TAMS 0x000000009aa00000, 0x000000009aa00000| Complete 
| 427|0x000000009ab00000, 0x000000009ac00000, 0x000000009ac00000|100%| E|CS|TAMS 0x000000009ab00000, 0x000000009ab00000| Complete 
| 428|0x000000009ac00000, 0x000000009ad00000, 0x000000009ad00000|100%| E|CS|TAMS 0x000000009ac00000, 0x000000009ac00000| Complete 
| 429|0x000000009ad00000, 0x000000009ae00000, 0x000000009ae00000|100%| E|CS|TAMS 0x000000009ad00000, 0x000000009ad00000| Complete 
| 430|0x000000009ae00000, 0x000000009af00000, 0x000000009af00000|100%| E|CS|TAMS 0x000000009ae00000, 0x000000009ae00000| Complete 
| 431|0x000000009af00000, 0x000000009b000000, 0x000000009b000000|100%| E|CS|TAMS 0x000000009af00000, 0x000000009af00000| Complete 
| 432|0x000000009b000000, 0x000000009b100000, 0x000000009b100000|100%| E|CS|TAMS 0x000000009b000000, 0x000000009b000000| Complete 
| 433|0x000000009b100000, 0x000000009b200000, 0x000000009b200000|100%| E|CS|TAMS 0x000000009b100000, 0x000000009b100000| Complete 
| 434|0x000000009b200000, 0x000000009b300000, 0x000000009b300000|100%| E|CS|TAMS 0x000000009b200000, 0x000000009b200000| Complete 
| 435|0x000000009b300000, 0x000000009b400000, 0x000000009b400000|100%| E|CS|TAMS 0x000000009b300000, 0x000000009b300000| Complete 
| 436|0x000000009b400000, 0x000000009b500000, 0x000000009b500000|100%| E|CS|TAMS 0x000000009b400000, 0x000000009b400000| Complete 
| 437|0x000000009b500000, 0x000000009b600000, 0x000000009b600000|100%| E|CS|TAMS 0x000000009b500000, 0x000000009b500000| Complete 
| 438|0x000000009b600000, 0x000000009b700000, 0x000000009b700000|100%| E|CS|TAMS 0x000000009b600000, 0x000000009b600000| Complete 
| 439|0x000000009b700000, 0x000000009b800000, 0x000000009b800000|100%| E|CS|TAMS 0x000000009b700000, 0x000000009b700000| Complete 
| 440|0x000000009b800000, 0x000000009b900000, 0x000000009b900000|100%| E|CS|TAMS 0x000000009b800000, 0x000000009b800000| Complete 
| 441|0x000000009b900000, 0x000000009ba00000, 0x000000009ba00000|100%| E|CS|TAMS 0x000000009b900000, 0x000000009b900000| Complete 
| 442|0x000000009ba00000, 0x000000009bb00000, 0x000000009bb00000|100%| E|CS|TAMS 0x000000009ba00000, 0x000000009ba00000| Complete 
| 443|0x000000009bb00000, 0x000000009bc00000, 0x000000009bc00000|100%| E|CS|TAMS 0x000000009bb00000, 0x000000009bb00000| Complete 
| 444|0x000000009bc00000, 0x000000009bd00000, 0x000000009bd00000|100%| E|CS|TAMS 0x000000009bc00000, 0x000000009bc00000| Complete 
| 445|0x000000009bd00000, 0x000000009be00000, 0x000000009be00000|100%| E|CS|TAMS 0x000000009bd00000, 0x000000009bd00000| Complete 
| 446|0x000000009be00000, 0x000000009bf00000, 0x000000009bf00000|100%| E|CS|TAMS 0x000000009be00000, 0x000000009be00000| Complete 

Card table byte_map: [0x000002d54c300000,0x000002d54c700000] _byte_map_base: 0x000002d54bf00000

Marking Bits (Prev, Next): (CMBitMap*) 0x000002d5351b2d10, (CMBitMap*) 0x000002d5351b2d50
 Prev Bits: [0x000002d54cb00000, 0x000002d54eb00000)
 Next Bits: [0x000002d54eb00000, 0x000002d550b00000)

Polling page: 0x000002d532f00000

Metaspace:

Usage:
  Non-class:     96.38 MB used.
      Class:     14.64 MB used.
       Both:    111.01 MB used.

Virtual space:
  Non-class space:      128.00 MB reserved,      96.75 MB ( 76%) committed,  2 nodes.
      Class space:        1.00 GB reserved,      15.00 MB (  1%) committed,  1 nodes.
             Both:        1.12 GB reserved,     111.75 MB ( 10%) committed. 

Chunk freelists:
   Non-Class:  14.60 MB
       Class:  972.00 KB
        Both:  15.55 MB

MaxMetaspaceSize: unlimited
CompressedClassSpaceSize: 1.00 GB
Initial GC threshold: 21.00 MB
Current GC threshold: 143.25 MB
CDS: on
MetaspaceReclaimPolicy: balanced
 - commit_granule_bytes: 65536.
 - commit_granule_words: 8192.
 - virtual_space_node_default_size: 8388608.
 - enlarge_chunks_in_place: 1.
 - new_chunks_are_fully_committed: 0.
 - uncommit_free_chunks: 1.
 - use_allocation_guard: 0.
 - handle_deallocations: 1.


Internal statistics:

num_allocs_failed_limit: 6.
num_arena_births: 1184.
num_arena_deaths: 6.
num_vsnodes_births: 3.
num_vsnodes_deaths: 0.
num_space_committed: 1786.
num_space_uncommitted: 0.
num_chunks_returned_to_freelist: 13.
num_chunks_taken_from_freelist: 5783.
num_chunk_merges: 8.
num_chunk_splits: 3822.
num_chunks_enlarged: 2542.
num_inconsistent_stats: 0.

CodeHeap 'non-profiled nmethods': size=120000Kb used=12419Kb max_used=12854Kb free=107580Kb
 bounds [0x000002d5447b0000, 0x000002d545460000, 0x000002d54bce0000]
CodeHeap 'profiled nmethods': size=120000Kb used=31322Kb max_used=32440Kb free=88677Kb
 bounds [0x000002d53cce0000, 0x000002d53eca0000, 0x000002d544210000]
CodeHeap 'non-nmethods': size=5760Kb used=2486Kb max_used=2546Kb free=3273Kb
 bounds [0x000002d544210000, 0x000002d544490000, 0x000002d5447b0000]
 total_blobs=16740 nmethods=15711 adapters=940
 compilation: enabled
              stopped_count=0, restarted_count=0
 full_count=0

Compilation events (20 events):
Event: 143.175 Thread 0x000002d59c191f40 nmethod 19770 0x000002d544a3ae90 code [0x000002d544a3b060, 0x000002d544a3bc90]
Event: 143.176 Thread 0x000002d59c191f40 19557       4       org.jetbrains.org.objectweb.asm.Type::getTypeInternal (199 bytes)
Event: 143.181 Thread 0x000002d59c191f40 nmethod 19557 0x000002d544c1e490 code [0x000002d544c1e640, 0x000002d544c1e9f8]
Event: 143.181 Thread 0x000002d59c191f40 19560       4       org.jetbrains.org.objectweb.asm.ClassVisitor::visitMethod (24 bytes)
Event: 143.182 Thread 0x000002d59c191f40 nmethod 19560 0x000002d545380e90 code [0x000002d545381020, 0x000002d5453810d8]
Event: 143.182 Thread 0x000002d59c191f40 19547       4       org.jetbrains.org.objectweb.asm.ClassVisitor::visitField (24 bytes)
Event: 143.183 Thread 0x000002d59c191f40 nmethod 19547 0x000002d544f88e10 code [0x000002d544f88fa0, 0x000002d544f89058]
Event: 143.183 Thread 0x000002d59c191f40 19642       4       org.jetbrains.org.objectweb.asm.MethodVisitor::<init> (94 bytes)
Event: 143.184 Thread 0x000002d553583150 19784       2       java.util.ComparableTimSort::countRunAndMakeAscending (123 bytes)
Event: 143.184 Thread 0x000002d553583150 nmethod 19784 0x000002d53d4b9510 code [0x000002d53d4b9720, 0x000002d53d4b9bf8]
Event: 143.186 Thread 0x000002d59c191f40 nmethod 19642 0x000002d544f88890 code [0x000002d544f88a20, 0x000002d544f88c18]
Event: 143.186 Thread 0x000002d59c191f40 19785       4       java.util.ComparableTimSort::countRunAndMakeAscending (123 bytes)
Event: 143.211 Thread 0x000002d59c191f40 nmethod 19785 0x000002d545172f10 code [0x000002d5451730c0, 0x000002d545173858]
Event: 143.211 Thread 0x000002d59c191f40 19732       4       java.io.ObjectOutputStream$BlockDataOutputStream::writeInt (46 bytes)
Event: 143.223 Thread 0x000002d59c191f40 nmethod 19732 0x000002d5453b8710 code [0x000002d5453b88c0, 0x000002d5453b9078]
Event: 143.223 Thread 0x000002d59c191f40 19786       4       org.jetbrains.org.objectweb.asm.ClassReader::readMethod (1061 bytes)
Event: 143.332 Thread 0x000002d553583150 19789       1       java.io.ObjectOutputStream$HandleTable::size (5 bytes)
Event: 143.332 Thread 0x000002d553583150 nmethod 19789 0x000002d544f8d690 code [0x000002d544f8d820, 0x000002d544f8d8f8]
Event: 143.344 Thread 0x000002d553583150 19790  s    2       sun.security.provider.HashDrbg::generateAlgorithm (188 bytes)
Event: 143.346 Thread 0x000002d553583150 nmethod 19790 0x000002d53e8fb810 code [0x000002d53e8fbaa0, 0x000002d53e8fc598]

GC Heap History (20 events):
Event: 71.118 GC heap before
{Heap before GC invocations=53 (full 0):
 garbage-first heap   total 457728K, used 311756K [0x0000000080000000, 0x0000000100000000)
  region size 1024K, 191 young (195584K), 15 survivors (15360K)
 Metaspace       used 99223K, committed 99904K, reserved 1179648K
  class space    used 13336K, committed 13696K, reserved 1048576K
}
Event: 71.138 GC heap after
{Heap after GC invocations=54 (full 0):
 garbage-first heap   total 457728K, used 138494K [0x0000000080000000, 0x0000000100000000)
  region size 1024K, 16 young (16384K), 16 survivors (16384K)
 Metaspace       used 99223K, committed 99904K, reserved 1179648K
  class space    used 13336K, committed 13696K, reserved 1048576K
}
Event: 76.782 GC heap before
{Heap before GC invocations=54 (full 0):
 garbage-first heap   total 457728K, used 338174K [0x0000000080000000, 0x0000000100000000)
  region size 1024K, 212 young (217088K), 16 survivors (16384K)
 Metaspace       used 100974K, committed 101696K, reserved 1179648K
  class space    used 13527K, committed 13888K, reserved 1048576K
}
Event: 76.798 GC heap after
{Heap after GC invocations=55 (full 0):
 garbage-first heap   total 457728K, used 139364K [0x0000000080000000, 0x0000000100000000)
  region size 1024K, 13 young (13312K), 13 survivors (13312K)
 Metaspace       used 100974K, committed 101696K, reserved 1179648K
  class space    used 13527K, committed 13888K, reserved 1048576K
}
Event: 78.630 GC heap before
{Heap before GC invocations=55 (full 0):
 garbage-first heap   total 457728K, used 355428K [0x0000000080000000, 0x0000000100000000)
  region size 1024K, 225 young (230400K), 13 survivors (13312K)
 Metaspace       used 102677K, committed 103360K, reserved 1179648K
  class space    used 13681K, committed 14016K, reserved 1048576K
}
Event: 78.645 GC heap after
{Heap after GC invocations=56 (full 0):
 garbage-first heap   total 457728K, used 138582K [0x0000000080000000, 0x0000000100000000)
  region size 1024K, 12 young (12288K), 12 survivors (12288K)
 Metaspace       used 102677K, committed 103360K, reserved 1179648K
  class space    used 13681K, committed 14016K, reserved 1048576K
}
Event: 80.689 GC heap before
{Heap before GC invocations=56 (full 0):
 garbage-first heap   total 457728K, used 366934K [0x0000000080000000, 0x0000000100000000)
  region size 1024K, 236 young (241664K), 12 survivors (12288K)
 Metaspace       used 103159K, committed 103872K, reserved 1179648K
  class space    used 13695K, committed 14016K, reserved 1048576K
}
Event: 80.704 GC heap after
{Heap after GC invocations=57 (full 0):
 garbage-first heap   total 457728K, used 139837K [0x0000000080000000, 0x0000000100000000)
  region size 1024K, 13 young (13312K), 13 survivors (13312K)
 Metaspace       used 103159K, committed 103872K, reserved 1179648K
  class space    used 13695K, committed 14016K, reserved 1048576K
}
Event: 82.682 GC heap before
{Heap before GC invocations=57 (full 0):
 garbage-first heap   total 457728K, used 379453K [0x0000000080000000, 0x0000000100000000)
  region size 1024K, 244 young (249856K), 13 survivors (13312K)
 Metaspace       used 103182K, committed 103872K, reserved 1179648K
  class space    used 13695K, committed 14016K, reserved 1048576K
}
Event: 82.697 GC heap after
{Heap after GC invocations=58 (full 0):
 garbage-first heap   total 457728K, used 144697K [0x0000000080000000, 0x0000000100000000)
  region size 1024K, 16 young (16384K), 16 survivors (16384K)
 Metaspace       used 103182K, committed 103872K, reserved 1179648K
  class space    used 13695K, committed 14016K, reserved 1048576K
}
Event: 84.388 GC heap before
{Heap before GC invocations=58 (full 0):
 garbage-first heap   total 457728K, used 380217K [0x0000000080000000, 0x0000000100000000)
  region size 1024K, 246 young (251904K), 16 survivors (16384K)
 Metaspace       used 103209K, committed 103872K, reserved 1179648K
  class space    used 13699K, committed 14016K, reserved 1048576K
}
Event: 84.405 GC heap after
{Heap after GC invocations=59 (full 0):
 garbage-first heap   total 457728K, used 145827K [0x0000000080000000, 0x0000000100000000)
  region size 1024K, 17 young (17408K), 17 survivors (17408K)
 Metaspace       used 103209K, committed 103872K, reserved 1179648K
  class space    used 13699K, committed 14016K, reserved 1048576K
}
Event: 92.148 GC heap before
{Heap before GC invocations=59 (full 0):
 garbage-first heap   total 457728K, used 384419K [0x0000000080000000, 0x0000000100000000)
  region size 1024K, 251 young (257024K), 17 survivors (17408K)
 Metaspace       used 109505K, committed 110208K, reserved 1179648K
  class space    used 14467K, committed 14848K, reserved 1048576K
}
Event: 92.162 GC heap after
{Heap after GC invocations=60 (full 0):
 garbage-first heap   total 457728K, used 144505K [0x0000000080000000, 0x0000000100000000)
  region size 1024K, 18 young (18432K), 18 survivors (18432K)
 Metaspace       used 109505K, committed 110208K, reserved 1179648K
  class space    used 14467K, committed 14848K, reserved 1048576K
}
Event: 97.171 GC heap before
{Heap before GC invocations=60 (full 0):
 garbage-first heap   total 457728K, used 386169K [0x0000000080000000, 0x0000000100000000)
  region size 1024K, 254 young (260096K), 18 survivors (18432K)
 Metaspace       used 109506K, committed 110208K, reserved 1179648K
  class space    used 14467K, committed 14848K, reserved 1048576K
}
Event: 97.181 GC heap after
{Heap after GC invocations=61 (full 0):
 garbage-first heap   total 457728K, used 146562K [0x0000000080000000, 0x0000000100000000)
  region size 1024K, 20 young (20480K), 20 survivors (20480K)
 Metaspace       used 109506K, committed 110208K, reserved 1179648K
  class space    used 14467K, committed 14848K, reserved 1048576K
}
Event: 141.701 GC heap before
{Heap before GC invocations=61 (full 0):
 garbage-first heap   total 457728K, used 389250K [0x0000000080000000, 0x0000000100000000)
  region size 1024K, 257 young (263168K), 20 survivors (20480K)
 Metaspace       used 113612K, committed 114368K, reserved 1179648K
  class space    used 14985K, committed 15360K, reserved 1048576K
}
Event: 141.738 GC heap after
{Heap after GC invocations=62 (full 0):
 garbage-first heap   total 457728K, used 147210K [0x0000000080000000, 0x0000000100000000)
  region size 1024K, 12 young (12288K), 12 survivors (12288K)
 Metaspace       used 113612K, committed 114368K, reserved 1179648K
  class space    used 14985K, committed 15360K, reserved 1048576K
}
Event: 143.197 GC heap before
{Heap before GC invocations=62 (full 0):
 garbage-first heap   total 457728K, used 388874K [0x0000000080000000, 0x0000000100000000)
  region size 1024K, 249 young (254976K), 12 survivors (12288K)
 Metaspace       used 113676K, committed 114432K, reserved 1179648K
  class space    used 14987K, committed 15360K, reserved 1048576K
}
Event: 143.208 GC heap after
{Heap after GC invocations=63 (full 0):
 garbage-first heap   total 457728K, used 147589K [0x0000000080000000, 0x0000000100000000)
  region size 1024K, 13 young (13312K), 13 survivors (13312K)
 Metaspace       used 113676K, committed 114432K, reserved 1179648K
  class space    used 14987K, committed 15360K, reserved 1048576K
}

Dll operation events (17 events):
Event: 0.026 Loaded shared library C:\Program Files\Microsoft\jdk-17.0.20.101-hotspot\bin\java.dll
Event: 0.069 Loaded shared library C:\Program Files\Microsoft\jdk-17.0.20.101-hotspot\bin\jsvml.dll
Event: 0.188 Loaded shared library C:\Program Files\Microsoft\jdk-17.0.20.101-hotspot\bin\zip.dll
Event: 0.195 Loaded shared library C:\Program Files\Microsoft\jdk-17.0.20.101-hotspot\bin\instrument.dll
Event: 0.206 Loaded shared library C:\Program Files\Microsoft\jdk-17.0.20.101-hotspot\bin\net.dll
Event: 0.210 Loaded shared library C:\Program Files\Microsoft\jdk-17.0.20.101-hotspot\bin\nio.dll
Event: 0.216 Loaded shared library C:\Program Files\Microsoft\jdk-17.0.20.101-hotspot\bin\zip.dll
Event: 0.800 Loaded shared library C:\Program Files\Microsoft\jdk-17.0.20.101-hotspot\bin\jimage.dll
Event: 1.002 Loaded shared library C:\Program Files\Microsoft\jdk-17.0.20.101-hotspot\bin\verify.dll
Event: 1.659 Loaded shared library C:\Users\USER\.gradle\native\c067742578af261105cb4f569cf0c3c89f3d7b1fecec35dd04571415982c5e48\windows-amd64\native-platform.dll
Event: 1.692 Loaded shared library C:\Users\USER\.gradle\native\38dada09dfb8b06ba9b0570ebf7e218e3eb74d4ef43ca46872605cf95ebc2f47\windows-amd64\native-platform-file-events.dll
Event: 5.258 Loaded shared library C:\Program Files\Microsoft\jdk-17.0.20.101-hotspot\bin\management.dll
Event: 5.266 Loaded shared library C:\Program Files\Microsoft\jdk-17.0.20.101-hotspot\bin\management_ext.dll
Event: 5.869 Loaded shared library C:\Program Files\Microsoft\jdk-17.0.20.101-hotspot\bin\extnet.dll
Event: 7.018 Loaded shared library C:\Program Files\Microsoft\jdk-17.0.20.101-hotspot\bin\sunmscapi.dll
Event: 101.657 Loaded shared library C:\Users\USER\AppData\Local\Temp\native-platform3263544049741016032dir\native-platform.dll
Event: 104.939 Loaded shared library C:\Program Files\Microsoft\jdk-17.0.20.101-hotspot\bin\rmi.dll

Deoptimization events (20 events):
Event: 143.210 Thread 0x000002d59c65e410 DEOPT PACKING pc=0x000002d53e163dfd sp=0x000000f00aafa730
Event: 143.210 Thread 0x000002d59c65e410 DEOPT UNPACKING pc=0x000002d544267143 sp=0x000000f00aaf9bf0 mode 0
Event: 143.210 Thread 0x000002d59c65e410 DEOPT PACKING pc=0x000002d53e1632ea sp=0x000000f00aafa6a0
Event: 143.210 Thread 0x000002d59c65e410 DEOPT UNPACKING pc=0x000002d544267143 sp=0x000000f00aaf9b68 mode 0
Event: 143.217 Thread 0x000002d59e42fac0 Uncommon trap: trap_request=0xffffffde fr.pc=0x000002d5454525ac relative=0x00000000000072ec
Event: 143.217 Thread 0x000002d59e42fac0 Uncommon trap: reason=class_check action=maybe_recompile pc=0x000002d5454525ac method=org.jetbrains.org.objectweb.asm.ClassReader.readMethod(Lorg/jetbrains/org/objectweb/asm/ClassVisitor;Lorg/jetbrains/org/objectweb/asm/Context;I)I @ 956 c2
Event: 143.217 Thread 0x000002d59e42fac0 DEOPT PACKING pc=0x000002d5454525ac sp=0x000000f00adfa990
Event: 143.217 Thread 0x000002d59e42fac0 DEOPT UNPACKING pc=0x000002d5442669a3 sp=0x000000f00adfa910 mode 2
Event: 143.219 Thread 0x000002d59e42fac0 Uncommon trap: trap_request=0xffffffde fr.pc=0x000002d5454525ac relative=0x00000000000072ec
Event: 143.219 Thread 0x000002d59e42fac0 Uncommon trap: reason=class_check action=maybe_recompile pc=0x000002d5454525ac method=org.jetbrains.org.objectweb.asm.ClassReader.readMethod(Lorg/jetbrains/org/objectweb/asm/ClassVisitor;Lorg/jetbrains/org/objectweb/asm/Context;I)I @ 956 c2
Event: 143.219 Thread 0x000002d59e42fac0 DEOPT PACKING pc=0x000002d5454525ac sp=0x000000f00adfa990
Event: 143.219 Thread 0x000002d59e42fac0 DEOPT UNPACKING pc=0x000002d5442669a3 sp=0x000000f00adfa910 mode 2
Event: 143.219 Thread 0x000002d59e42fac0 Uncommon trap: trap_request=0xffffffde fr.pc=0x000002d5454525ac relative=0x00000000000072ec
Event: 143.219 Thread 0x000002d59e42fac0 Uncommon trap: reason=class_check action=maybe_recompile pc=0x000002d5454525ac method=org.jetbrains.org.objectweb.asm.ClassReader.readMethod(Lorg/jetbrains/org/objectweb/asm/ClassVisitor;Lorg/jetbrains/org/objectweb/asm/Context;I)I @ 956 c2
Event: 143.219 Thread 0x000002d59e42fac0 DEOPT PACKING pc=0x000002d5454525ac sp=0x000000f00adfa990
Event: 143.219 Thread 0x000002d59e42fac0 DEOPT UNPACKING pc=0x000002d5442669a3 sp=0x000000f00adfa910 mode 2
Event: 143.230 Thread 0x000002d59e42fac0 DEOPT PACKING pc=0x000002d53e163dfd sp=0x000000f00adfa4e0
Event: 143.230 Thread 0x000002d59e42fac0 DEOPT UNPACKING pc=0x000002d544267143 sp=0x000000f00adf99a0 mode 0
Event: 143.352 Thread 0x000002d59e4304e0 DEOPT PACKING pc=0x000002d53e1632ea sp=0x000000f00b2fa1c0
Event: 143.352 Thread 0x000002d59e4304e0 DEOPT UNPACKING pc=0x000002d544267143 sp=0x000000f00b2f9688 mode 0

Classes loaded (20 events):
Event: 105.354 Loading class java/rmi/server/ServerNotActiveException
Event: 105.354 Loading class java/rmi/server/ServerNotActiveException done
Event: 105.359 Loading class sun/rmi/transport/DGCAckHandler
Event: 105.359 Loading class sun/rmi/transport/DGCAckHandler done
Event: 105.366 Loading class sun/rmi/transport/DGCAckHandler$1
Event: 105.366 Loading class sun/rmi/transport/DGCAckHandler$1 done
Event: 105.446 Loading class sun/rmi/transport/tcp/TCPTransport$ConnectionHandler
Event: 105.447 Loading class sun/rmi/transport/tcp/TCPTransport$ConnectionHandler done
Event: 105.453 Loading class sun/rmi/transport/Transport$1
Event: 105.453 Loading class sun/rmi/transport/Transport$1 done
Event: 105.455 Loading class sun/rmi/transport/DGCImpl$LeaseInfo
Event: 105.455 Loading class sun/rmi/transport/DGCImpl$LeaseInfo done
Event: 105.455 Loading class sun/rmi/transport/DGCImpl$1
Event: 105.455 Loading class sun/rmi/transport/DGCImpl$1 done
Event: 105.455 Loading class sun/rmi/transport/SequenceEntry
Event: 105.456 Loading class sun/rmi/transport/SequenceEntry done
Event: 141.482 Loading class jdk/internal/reflect/UnsafeQualifiedStaticIntegerFieldAccessorImpl
Event: 141.483 Loading class jdk/internal/reflect/UnsafeQualifiedStaticIntegerFieldAccessorImpl done
Event: 141.743 Loading class sun/rmi/transport/DGCClient$EndpointEntry$CleanRequest
Event: 141.744 Loading class sun/rmi/transport/DGCClient$EndpointEntry$CleanRequest done

Classes unloaded (3 events):
Event: 47.583 Thread 0x000002d553530730 Unloading class 0x000002d555c18c00 'java/lang/invoke/LambdaForm$DMH+0x000002d555c18c00'
Event: 47.583 Thread 0x000002d553530730 Unloading class 0x000002d555c18800 'java/lang/invoke/LambdaForm$DMH+0x000002d555c18800'
Event: 47.583 Thread 0x000002d553530730 Unloading class 0x000002d555c18400 'java/lang/invoke/LambdaForm$DMH+0x000002d555c18400'

Classes redefined (0 events):
No events

Internal exceptions (20 events):
Event: 101.377 Thread 0x000002d59f2d0f10 Exception <a 'java/lang/NoSuchMethodError'{0x00000000924a2668}: static Lorg/jetbrains/kotlin/incremental/ClasspathChanges$ClasspathSnapshotEnabled$NotAvailableForNonIncrementalRun;.<clinit>()V> (0x00000000924a2668) 
thrown [s\src\hotspot\share\prims\jni.cpp, line 1112]
Event: 101.378 Thread 0x000002d59f2d0f10 Exception <a 'java/lang/NoSuchMethodError'{0x00000000924a46a0}: static Lorg/jetbrains/kotlin/incremental/ClasspathChanges$ClasspathSnapshotEnabled;.<clinit>()V> (0x00000000924a46a0) 
thrown [s\src\hotspot\share\prims\jni.cpp, line 1112]
Event: 101.378 Thread 0x000002d59f2d0f10 Exception <a 'java/lang/NoSuchMethodError'{0x00000000924a6538}: static Lorg/jetbrains/kotlin/incremental/ClasspathChanges;.<clinit>()V> (0x00000000924a6538) 
thrown [s\src\hotspot\share\prims\jni.cpp, line 1112]
Event: 104.913 Thread 0x000002d59c65a240 Exception <a 'java/lang/NoSuchMethodError'{0x0000000091bc03a8}: static Lorg/jetbrains/kotlin/daemon/common/LoopbackNetworkInterface$AbstractClientLoopbackSocketFactory;.<clinit>()V> (0x0000000091bc03a8) 
thrown [s\src\hotspot\share\prims\jni.cpp, line 1112]
Event: 104.914 Thread 0x000002d59c65a240 Exception <a 'java/lang/NoSuchMethodError'{0x0000000091bcbf78}: static Lorg/jetbrains/kotlin/daemon/common/LoopbackNetworkInterface$ClientLoopbackSocketFactory;.<clinit>()V> (0x0000000091bcbf78) 
thrown [s\src\hotspot\share\prims\jni.cpp, line 1112]
Event: 104.953 Thread 0x000002d59c65a240 Exception <a 'java/lang/NoSuchMethodError'{0x0000000091a28f78}: static [Ljava/rmi/server/ObjID;.<clinit>()V> (0x0000000091a28f78) 
thrown [s\src\hotspot\share\prims\jni.cpp, line 1112]
Event: 104.958 Thread 0x000002d59c65a240 Exception <a 'java/lang/NoSuchMethodError'{0x0000000091a4c7b0}: static [B.<clinit>()V> (0x0000000091a4c7b0) 
thrown [s\src\hotspot\share\prims\jni.cpp, line 1112]
Event: 104.987 Thread 0x000002d59ba418a0 Exception <a 'java/lang/InterruptedException'{0x0000000091a80020}> (0x0000000091a80020) 
thrown [s\src\hotspot\share\runtime\objectMonitor.cpp, line 1658]
Event: 104.996 Thread 0x000002d59ba418a0 Exception <a 'java/lang/NoSuchMethodError'{0x0000000091a81480}: 'java.lang.Object java.lang.invoke.DirectMethodHandle$Holder.invokeSpecial(java.lang.Object, java.lang.Object, int, java.lang.Object, long)'> (0x0000000091a81480) 
thrown [s\src\hotspot\share\interpreter\linkResolver.cpp, line 759]
Event: 104.999 Thread 0x000002d59ba418a0 Exception <a 'java/lang/NoSuchMethodError'{0x0000000091a88930}: 'java.lang.Object java.lang.invoke.DirectMethodHandle$Holder.newInvokeSpecial(java.lang.Object, java.lang.Object, int, java.lang.Object, long)'> (0x0000000091a88930) 
thrown [s\src\hotspot\share\interpreter\linkResolver.cpp, line 759]
Event: 105.228 Thread 0x000002d59c65a240 Exception <a 'java/lang/NoSuchMethodError'{0x0000000091912f38}: static Lorg/jetbrains/kotlin/daemon/common/CompileService$CallResult;.<clinit>()V> (0x0000000091912f38) 
thrown [s\src\hotspot\share\prims\jni.cpp, line 1112]
Event: 105.231 Thread 0x000002d59c65a240 Exception <a 'java/lang/NoSuchMethodError'{0x000000009191ede8}: static Lorg/jetbrains/kotlin/daemon/common/CompileService$CallResult$Good;.<clinit>()V> (0x000000009191ede8) 
thrown [s\src\hotspot\share\prims\jni.cpp, line 1112]
Event: 105.232 Thread 0x000002d59c65a240 Exception <a 'java/lang/NoSuchMethodError'{0x000000009192c070}: static Lorg/jetbrains/kotlin/daemon/common/DaemonJVMOptions;.<clinit>()V> (0x000000009192c070) 
thrown [s\src\hotspot\share\prims\jni.cpp, line 1112]
Event: 105.242 Thread 0x000002d59c65a240 Exception <a 'java/lang/NoSuchMethodError'{0x00000000919459d8}: static Lorg/jetbrains/kotlin/daemon/common/CompileService$CallResult$Ok;.<clinit>()V> (0x00000000919459d8) 
thrown [s\src\hotspot\share\prims\jni.cpp, line 1112]
Event: 105.345 Thread 0x000002d59c65a240 Exception <a 'java/lang/NoSuchMethodError'{0x00000000917280d0}: static [Ljava/lang/Integer;.<clinit>()V> (0x00000000917280d0) 
thrown [s\src\hotspot\share\prims\jni.cpp, line 1112]
Event: 141.390 Thread 0x000002d59f2d41b0 Exception <a 'sun/nio/fs/WindowsException'{0x0000000090f5f7a0}> (0x0000000090f5f7a0) 
thrown [s\src\hotspot\share\prims\jni.cpp, line 516]
Event: 141.391 Thread 0x000002d59f2d41b0 Exception <a 'sun/nio/fs/WindowsException'{0x0000000090f61458}> (0x0000000090f61458) 
thrown [s\src\hotspot\share\prims\jni.cpp, line 516]
Event: 141.392 Thread 0x000002d59f2d41b0 Exception <a 'sun/nio/fs/WindowsException'{0x0000000090f62f68}> (0x0000000090f62f68) 
thrown [s\src\hotspot\share\prims\jni.cpp, line 516]
Event: 141.497 Thread 0x000002d59e42fac0 Implicit null exception at 0x000002d545015e61 to 0x000002d5450165b8
Event: 141.529 Thread 0x000002d59e42fac0 Exception <a 'java/lang/NoSuchMethodError'{0x000000009094d3f0}: static Lorg/jetbrains/kotlin/gradle/internal/kapt/incremental/ClasspathEntryData;.<clinit>()V> (0x000000009094d3f0) 
thrown [s\src\hotspot\share\prims\jni.cpp, line 1112]

VM Operations (20 events):
Event: 120.348 Executing VM operation: HandshakeAllThreads
Event: 120.348 Executing VM operation: HandshakeAllThreads done
Event: 121.347 Executing VM operation: Cleanup
Event: 121.347 Executing VM operation: Cleanup done
Event: 138.357 Executing VM operation: Cleanup
Event: 138.357 Executing VM operation: Cleanup done
Event: 139.358 Executing VM operation: Cleanup
Event: 139.358 Executing VM operation: Cleanup done
Event: 141.119 Executing VM operation: HandshakeAllThreads
Event: 141.261 Executing VM operation: HandshakeAllThreads done
Event: 141.261 Executing VM operation: Cleanup
Event: 141.262 Executing VM operation: Cleanup done
Event: 141.486 Executing VM operation: HandshakeAllThreads
Event: 141.488 Executing VM operation: HandshakeAllThreads done
Event: 141.700 Executing VM operation: G1CollectForAllocation
Event: 141.738 Executing VM operation: G1CollectForAllocation done
Event: 142.738 Executing VM operation: Cleanup
Event: 142.739 Executing VM operation: Cleanup done
Event: 143.195 Executing VM operation: G1CollectForAllocation
Event: 143.208 Executing VM operation: G1CollectForAllocation done

Memory protections (0 events):
No events

Nmethod flushes (20 events):
Event: 141.526 Thread 0x000002d553589690 flushing  nmethod 0x000002d53e862d10
Event: 141.526 Thread 0x000002d553589690 flushing  nmethod 0x000002d53e864990
Event: 141.526 Thread 0x000002d553589690 flushing  nmethod 0x000002d53e865990
Event: 141.526 Thread 0x000002d553589690 flushing  nmethod 0x000002d53e866690
Event: 141.526 Thread 0x000002d553589690 flushing  nmethod 0x000002d53e867290
Event: 141.526 Thread 0x000002d553589690 flushing  nmethod 0x000002d53e8fd910
Event: 141.527 Thread 0x000002d553589690 flushing  nmethod 0x000002d53e954610
Event: 141.527 Thread 0x000002d553589690 flushing  nmethod 0x000002d53e957690
Event: 141.527 Thread 0x000002d553589690 flushing  nmethod 0x000002d53e98f910
Event: 141.527 Thread 0x000002d553589690 flushing  nmethod 0x000002d53e9b7990
Event: 141.527 Thread 0x000002d553589690 flushing  nmethod 0x000002d53e9d2110
Event: 141.527 Thread 0x000002d553589690 flushing  nmethod 0x000002d53ea64b90
Event: 141.527 Thread 0x000002d553589690 flushing  nmethod 0x000002d53ea6d410
Event: 141.527 Thread 0x000002d553589690 flushing  nmethod 0x000002d53ea70b90
Event: 141.527 Thread 0x000002d553589690 flushing  nmethod 0x000002d53ea71110
Event: 141.527 Thread 0x000002d553589690 flushing  nmethod 0x000002d53ea71810
Event: 141.527 Thread 0x000002d553589690 flushing  nmethod 0x000002d53ea72110
Event: 141.527 Thread 0x000002d553589690 flushing  nmethod 0x000002d53ea72a90
Event: 141.527 Thread 0x000002d553589690 flushing  nmethod 0x000002d53ea73310
Event: 141.528 Thread 0x000002d553589690 flushing  nmethod 0x000002d53eacf690

Events (20 events):
Event: 90.452 Thread 0x000002d59fa92820 Thread exited: 0x000002d59fa92820
Event: 97.549 Thread 0x000002d55357c760 Thread added: 0x000002d59d92a290
Event: 98.119 Thread 0x000002d59d92a290 Thread exited: 0x000002d59d92a290
Event: 99.991 Thread 0x000002d553583150 Thread added: 0x000002d59c191f40
Event: 100.796 Thread 0x000002d59c191f40 Thread exited: 0x000002d59c191f40
Event: 101.234 Thread 0x000002d553583150 Thread added: 0x000002d59c18fa10
Event: 101.401 Thread 0x000002d59f2d0f10 Thread added: 0x000002d59ba3d1c0
Event: 101.434 Thread 0x000002d553583150 Thread added: 0x000002d59c191f40
Event: 101.699 Thread 0x000002d59c65a240 Thread added: 0x000002d59ba41390
Event: 104.389 Thread 0x000002d59c191f40 Thread exited: 0x000002d59c191f40
Event: 104.399 Thread 0x000002d59c18fa10 Thread exited: 0x000002d59c18fa10
Event: 104.586 Thread 0x000002d59ba41390 Thread exited: 0x000002d59ba41390
Event: 104.917 Thread 0x000002d59c65a240 Thread added: 0x000002d59ba41390
Event: 104.936 Thread 0x000002d59c65a240 Thread added: 0x000002d59ba418a0
Event: 104.941 Thread 0x000002d59c65a240 Thread added: 0x000002d59ba3e0f0
Event: 105.292 Thread 0x000002d59c65a240 Thread added: 0x000002d59ba41db0
Event: 105.293 Thread 0x000002d59c65a240 Thread added: 0x000002d59ba43700
Event: 105.447 Thread 0x000002d59ba41db0 Thread added: 0x000002d59ba427d0
Event: 141.483 Thread 0x000002d553583150 Thread added: 0x000002d59c191f40
Event: 141.755 Thread 0x000002d59ba418a0 Thread exited: 0x000002d59ba418a0


Dynamic libraries:
0x00007ff721350000 - 0x00007ff72135e000 	C:\Program Files\Microsoft\jdk-17.0.20.101-hotspot\bin\java.exe
0x00007ff92d340000 - 0x00007ff92d5a6000 	C:\WINDOWS\SYSTEM32\ntdll.dll
0x00007ff92b2e0000 - 0x00007ff92b3a9000 	C:\WINDOWS\System32\KERNEL32.DLL
0x00007ff92aae0000 - 0x00007ff92aede000 	C:\WINDOWS\System32\KERNELBASE.dll
0x00007ff92a850000 - 0x00007ff92a99c000 	C:\WINDOWS\System32\ucrtbase.dll
0x00007ff913520000 - 0x00007ff913538000 	C:\Program Files\Microsoft\jdk-17.0.20.101-hotspot\bin\jli.dll
0x00007ff92c5a0000 - 0x00007ff92c767000 	C:\WINDOWS\System32\USER32.dll
0x00007ff92a820000 - 0x00007ff92a847000 	C:\WINDOWS\System32\win32u.dll
0x00007ff913540000 - 0x00007ff91355e000 	C:\Program Files\Microsoft\jdk-17.0.20.101-hotspot\bin\VCRUNTIME140.dll
0x00007ff92b070000 - 0x00007ff92b09b000 	C:\WINDOWS\System32\GDI32.dll
0x00007ff910b70000 - 0x00007ff910e02000 	C:\WINDOWS\WinSxS\amd64_microsoft.windows.common-controls_6595b64144ccf1df_6.0.26100.8875_none_3e0d5d42e32fe9dd\COMCTL32.dll
0x00007ff92c4e0000 - 0x00007ff92c589000 	C:\WINDOWS\System32\msvcrt.dll
0x00007ff92a9b0000 - 0x00007ff92aada000 	C:\WINDOWS\System32\gdi32full.dll
0x00007ff92a770000 - 0x00007ff92a813000 	C:\WINDOWS\System32\msvcp_win.dll
0x00007ff92ba50000 - 0x00007ff92ba82000 	C:\WINDOWS\System32\IMM32.DLL
0x00007ff913b50000 - 0x00007ff913b5c000 	C:\Program Files\Microsoft\jdk-17.0.20.101-hotspot\bin\vcruntime140_1.dll
0x00007ff8d7a00000 - 0x00007ff8d7a89000 	C:\Program Files\Microsoft\jdk-17.0.20.101-hotspot\bin\msvcp140.dll
0x00007ff83f8e0000 - 0x00007ff84055b000 	C:\Program Files\Microsoft\jdk-17.0.20.101-hotspot\bin\server\jvm.dll
0x00007ff92b600000 - 0x00007ff92b6b7000 	C:\WINDOWS\System32\ADVAPI32.dll
0x00007ff92b230000 - 0x00007ff92b2da000 	C:\WINDOWS\System32\sechost.dll
0x00007ff92b0a0000 - 0x00007ff92b1b8000 	C:\WINDOWS\System32\RPCRT4.dll
0x00007ff92c9c0000 - 0x00007ff92ca40000 	C:\WINDOWS\System32\WS2_32.dll
0x00007ff92a3c0000 - 0x00007ff92a41e000 	C:\WINDOWS\SYSTEM32\POWRPROF.dll
0x00007ff91f240000 - 0x00007ff91f276000 	C:\WINDOWS\SYSTEM32\WINMM.dll
0x00007ff915660000 - 0x00007ff91566b000 	C:\WINDOWS\SYSTEM32\VERSION.dll
0x00007ff92a3a0000 - 0x00007ff92a3b4000 	C:\WINDOWS\SYSTEM32\UMPDC.dll
0x00007ff929240000 - 0x00007ff92925b000 	C:\WINDOWS\SYSTEM32\kernel.appcore.dll
0x00007ff913a20000 - 0x00007ff913a2a000 	C:\Program Files\Microsoft\jdk-17.0.20.101-hotspot\bin\jimage.dll
0x00007ff927940000 - 0x00007ff927b82000 	C:\WINDOWS\SYSTEM32\DBGHELP.DLL
0x00007ff92b6c0000 - 0x00007ff92ba43000 	C:\WINDOWS\System32\combase.dll
0x00007ff92bbd0000 - 0x00007ff92bca9000 	C:\WINDOWS\System32\OLEAUT32.dll
0x00007ff8f5a70000 - 0x00007ff8f5aab000 	C:\WINDOWS\SYSTEM32\dbgcore.DLL
0x00007ff92a6b0000 - 0x00007ff92a75c000 	C:\WINDOWS\System32\bcryptPrimitives.dll
0x00007ff913880000 - 0x00007ff91388f000 	C:\Program Files\Microsoft\jdk-17.0.20.101-hotspot\bin\instrument.dll
0x00007ff902570000 - 0x00007ff902596000 	C:\Program Files\Microsoft\jdk-17.0.20.101-hotspot\bin\java.dll
0x00007ff8d6d90000 - 0x00007ff8d6e66000 	C:\Program Files\Microsoft\jdk-17.0.20.101-hotspot\bin\jsvml.dll
0x00007ff92ca50000 - 0x00007ff92d1e2000 	C:\WINDOWS\System32\SHELL32.dll
0x00007ff928020000 - 0x00007ff9288b2000 	C:\WINDOWS\SYSTEM32\windows.storage.dll
0x00007ff92b460000 - 0x00007ff92b557000 	C:\WINDOWS\System32\SHCORE.dll
0x00007ff92b1c0000 - 0x00007ff92b227000 	C:\WINDOWS\System32\shlwapi.dll
0x00007ff92a480000 - 0x00007ff92a4a9000 	C:\WINDOWS\SYSTEM32\profapi.dll
0x00007ff902680000 - 0x00007ff902698000 	C:\Program Files\Microsoft\jdk-17.0.20.101-hotspot\bin\zip.dll
0x00007ff902370000 - 0x00007ff90238b000 	C:\Program Files\Microsoft\jdk-17.0.20.101-hotspot\bin\net.dll
0x00007ff919ad0000 - 0x00007ff919bf7000 	C:\WINDOWS\SYSTEM32\WINHTTP.dll
0x00007ff9297f0000 - 0x00007ff92985c000 	C:\WINDOWS\system32\mswsock.dll
0x00007ff8fa7c0000 - 0x00007ff8fa7d6000 	C:\Program Files\Microsoft\jdk-17.0.20.101-hotspot\bin\nio.dll
0x00007ff913510000 - 0x00007ff913520000 	C:\Program Files\Microsoft\jdk-17.0.20.101-hotspot\bin\verify.dll
0x00007ff8e60c0000 - 0x00007ff8e60e7000 	C:\Users\USER\.gradle\native\c067742578af261105cb4f569cf0c3c89f3d7b1fecec35dd04571415982c5e48\windows-amd64\native-platform.dll
0x00007ff8bb9e0000 - 0x00007ff8bbb24000 	C:\Users\USER\.gradle\native\38dada09dfb8b06ba9b0570ebf7e218e3eb74d4ef43ca46872605cf95ebc2f47\windows-amd64\native-platform-file-events.dll
0x00007ff902950000 - 0x00007ff90295a000 	C:\Program Files\Microsoft\jdk-17.0.20.101-hotspot\bin\management.dll
0x00007ff902560000 - 0x00007ff90256c000 	C:\Program Files\Microsoft\jdk-17.0.20.101-hotspot\bin\management_ext.dll
0x00007ff92b5f0000 - 0x00007ff92b5f8000 	C:\WINDOWS\System32\PSAPI.DLL
0x00007ff929af0000 - 0x00007ff929b0b000 	C:\WINDOWS\SYSTEM32\CRYPTSP.dll
0x00007ff9291a0000 - 0x00007ff9291d9000 	C:\WINDOWS\system32\rsaenh.dll
0x00007ff9298b0000 - 0x00007ff9298e2000 	C:\WINDOWS\SYSTEM32\USERENV.dll
0x00007ff92a450000 - 0x00007ff92a47a000 	C:\WINDOWS\SYSTEM32\bcrypt.dll
0x00007ff929b10000 - 0x00007ff929b1c000 	C:\WINDOWS\SYSTEM32\CRYPTBASE.dll
0x00007ff928c60000 - 0x00007ff928c93000 	C:\WINDOWS\SYSTEM32\IPHLPAPI.DLL
0x00007ff92d2f0000 - 0x00007ff92d2fa000 	C:\WINDOWS\System32\NSI.dll
0x00007ff919e70000 - 0x00007ff919e8d000 	C:\WINDOWS\SYSTEM32\dhcpcsvc6.DLL
0x00007ff919cf0000 - 0x00007ff919d15000 	C:\WINDOWS\SYSTEM32\dhcpcsvc.DLL
0x00007ff928d00000 - 0x00007ff928e56000 	C:\WINDOWS\SYSTEM32\DNSAPI.dll
0x00007ff9295f0000 - 0x00007ff9295fd000 	C:\WINDOWS\SYSTEM32\DSPARSE.dll
0x00007ff902520000 - 0x00007ff902529000 	C:\Program Files\Microsoft\jdk-17.0.20.101-hotspot\bin\extnet.dll
0x00007ff8fa7b0000 - 0x00007ff8fa7be000 	C:\Program Files\Microsoft\jdk-17.0.20.101-hotspot\bin\sunmscapi.dll
0x00007ff92aef0000 - 0x00007ff92b068000 	C:\WINDOWS\System32\CRYPT32.dll
0x00007ff929d30000 - 0x00007ff929d60000 	C:\WINDOWS\SYSTEM32\ncrypt.dll
0x00007ff929ce0000 - 0x00007ff929d1f000 	C:\WINDOWS\SYSTEM32\NTASN1.dll
0x00007ff90aff0000 - 0x00007ff90aff8000 	C:\WINDOWS\system32\wshunix.dll
0x00007ff8f8370000 - 0x00007ff8f8388000 	C:\WINDOWS\system32\napinsp.dll
0x00007ff8f8350000 - 0x00007ff8f8363000 	C:\WINDOWS\System32\winrnr.dll
0x00007ff8f8320000 - 0x00007ff8f8342000 	C:\WINDOWS\system32\nlansp_c.dll
0x00007ff919ea0000 - 0x00007ff919eb6000 	C:\WINDOWS\system32\wshbth.dll
0x00007ff919cb0000 - 0x00007ff919cbb000 	C:\Windows\System32\rasadhlp.dll
0x00007ff91ed30000 - 0x00007ff91edb6000 	C:\WINDOWS\System32\fwpuclnt.dll
0x00007ff929370000 - 0x00007ff9293a6000 	C:\WINDOWS\SYSTEM32\ntmarta.dll
0x00007ff902540000 - 0x00007ff90255e000 	C:\Users\USER\AppData\Local\Temp\native-platform3263544049741016032dir\native-platform.dll
0x00007ff8f5420000 - 0x00007ff8f5427000 	C:\Program Files\Microsoft\jdk-17.0.20.101-hotspot\bin\rmi.dll

dbghelp: loaded successfully - version: 4.0.5 - missing functions: none
symbol engine: initialized successfully - sym options: 0x614 - pdb path: .;C:\Program Files\Microsoft\jdk-17.0.20.101-hotspot\bin;C:\WINDOWS\SYSTEM32;C:\WINDOWS\WinSxS\amd64_microsoft.windows.common-controls_6595b64144ccf1df_6.0.26100.8875_none_3e0d5d42e32fe9dd;C:\Program Files\Microsoft\jdk-17.0.20.101-hotspot\bin\server;C:\Users\USER\.gradle\native\c067742578af261105cb4f569cf0c3c89f3d7b1fecec35dd04571415982c5e48\windows-amd64;C:\Users\USER\.gradle\native\38dada09dfb8b06ba9b0570ebf7e218e3eb74d4ef43ca46872605cf95ebc2f47\windows-amd64;C:\Users\USER\AppData\Local\Temp\native-platform3263544049741016032dir

VM Arguments:
jvm_args: -Dfile.encoding=UTF-8 --add-opens=java.base/java.util=ALL-UNNAMED --add-opens=java.base/java.lang=ALL-UNNAMED --add-opens=java.base/java.lang.invoke=ALL-UNNAMED --add-opens=java.prefs/java.util.prefs=ALL-UNNAMED --add-opens=java.base/java.nio.charset=ALL-UNNAMED --add-opens=java.base/java.net=ALL-UNNAMED --add-opens=java.base/java.util.concurrent.atomic=ALL-UNNAMED -Xmx2048m -Dfile.encoding=UTF-8 -Duser.country=ID -Duser.language=en -Duser.variant -javaagent:C:\Users\USER\.gradle-dist\gradle-8.5\lib\agents\gradle-instrumentation-agent-8.5.jar 
java_command: org.gradle.launcher.daemon.bootstrap.GradleDaemon 8.5
java_class_path (initial): C:\Users\USER\.gradle-dist\gradle-8.5\lib\gradle-launcher-8.5.jar
Launcher Type: SUN_STANDARD

[Global flags]
     intx CICompilerCount                          = 4                                         {product} {ergonomic}
     uint ConcGCThreads                            = 2                                         {product} {ergonomic}
     uint G1ConcRefinementThreads                  = 8                                         {product} {ergonomic}
   size_t G1HeapRegionSize                         = 1048576                                   {product} {ergonomic}
    uintx GCDrainStackTargetSize                   = 64                                        {product} {ergonomic}
   size_t InitialHeapSize                          = 130023424                                 {product} {ergonomic}
   size_t MarkStackSize                            = 4194304                                   {product} {ergonomic}
   size_t MaxHeapSize                              = 2147483648                                {product} {command line}
   size_t MaxNewSize                               = 1287651328                                {product} {ergonomic}
   size_t MinHeapDeltaBytes                        = 1048576                                   {product} {ergonomic}
   size_t MinHeapSize                              = 8388608                                   {product} {ergonomic}
    uintx NonNMethodCodeHeapSize                   = 5839372                                {pd product} {ergonomic}
    uintx NonProfiledCodeHeapSize                  = 122909434                              {pd product} {ergonomic}
    uintx ProfiledCodeHeapSize                     = 122909434                              {pd product} {ergonomic}
    uintx ReservedCodeCacheSize                    = 251658240                              {pd product} {ergonomic}
     bool SegmentedCodeCache                       = true                                      {product} {ergonomic}
   size_t SoftMaxHeapSize                          = 2147483648                             {manageable} {ergonomic}
     bool UseCompressedClassPointers               = true                           {product lp64_product} {ergonomic}
     bool UseCompressedOops                        = true                           {product lp64_product} {ergonomic}
     bool UseG1GC                                  = true                                      {product} {ergonomic}
     bool UseLargePagesIndividualAllocation        = false                                  {pd product} {ergonomic}

Logging:
Log output configuration:
 #0: stdout all=warning uptime,level,tags
 #1: stderr all=off uptime,level,tags

Environment Variables:
JAVA_HOME=C:/Program Files/Microsoft/jdk-17.0.20.101-hotspot
JAVA_TOOL_OPTIONS=-Dfile.encoding=UTF-8
PATH=C:\Users\USER\.gradle-dist\gradle-8.5\bin;C;C:\Users\USER\AppData\Local\hermes\git\Program Files\Microsoft\jdk-17.0.20.101-hotspot\bin;C;C:\Users\USER\AppData\Local\hermes\git\Users\USER\AppData\Local\Android\Sdk\cmdline-tools\latest\bin;C;C:\Users\USER\AppData\Local\hermes\git\Users\USER\AppData\Local\Android\Sdk\platform-tools;C:\Users\USER\bin;C:\Users\USER\AppData\Local\hermes\git\mingw64\bin;C:\Users\USER\AppData\Local\hermes\git\usr\local\bin;C:\Users\USER\AppData\Local\hermes\git\usr\bin;C:\Users\USER\AppData\Local\hermes\git\usr\bin;C:\Users\USER\AppData\Local\hermes\git\mingw64\bin;C:\Users\USER\AppData\Local\hermes\git\usr\bin;C:\Users\USER\bin;C:\Users\USER\AppData\Local\hermes\node;C:\Users\USER\AppData\Local\hermes\node\bin;C:\Users\USER\AppData\Local\hermes\hermes-agent\venv\Scripts;C:\WINDOWS\system32;C:\WINDOWS;C:\WINDOWS\System32\Wbem;C:\WINDOWS\System32\WindowsPowerShell\v1.0;C:\WINDOWS\System32\OpenSSH;C:\Program Files\dotnet;C:\Program Files\Common Files\Autodesk Shared;C:\Program Files\Microsoft SQL Server\150\Tools\Binn;C:\Program Files (x86)\Windows Kits\10\Windows Performance Toolkit;C:\Program Files\nodejs;C:\Users\USER\.local\bin;C:\Users\USER\.cargo\bin;C:\Users\USER\AppData\Local\hermes\bin;C:\Users\USER\AppData\Local\Microsoft\WindowsApps;C:\Users\USER\AppData\Local\Programs\Microsoft VS Code\bin;C:\Users\USER\AppData\Roaming\npm;C:\Users\USER\.dotnet\tools;C:\Users\USER\AppData\Local\hermes\git\cmd;C:\Users\USER\AppData\Local\hermes\git\usr\bin;C:\Users\USER\AppData\Local\hermes\git\usr\bin;C:\Users\USER\AppData\Local\Microsoft\WinGet\Links;C:\Users\USER\AppData\Local\Programs\Cua\cua-driver\bin;C:\Users\USER\AppData\Local\Microsoft\WinGet\Packages\Genymobile.scrcpy_Microsoft.Winget.Source_8wekyb3d8bbwe\scrcpy-win64-v4.1;C:\Users\USER\AppData\Local\hermes\git\usr\bin\vendor_perl;C:\Users\USER\AppData\Local\hermes\git\usr\bin\core_perl
USERNAME=USER
SHELL=C:\Users\USER\AppData\Local\hermes\git\usr\bin\bash.exe
DISPLAY=needs-to-be-defined
LANG=en_US.UTF-8
TERM=xterm-256color
TMPDIR=C:\Users\USER\AppData\Local\Temp
OS=Windows_NT
PROCESSOR_IDENTIFIER=Intel64 Family 6 Model 154 Stepping 4, GenuineIntel
TMP=C:\Users\USER\AppData\Local\Temp
TEMP=C:\Users\USER\AppData\Local\Temp



Periodic native trim disabled


---------------  S Y S T E M  ---------------

OS:
 Windows 11 , 64 bit Build 26100 (10.0.26100.8875)
OS uptime: 2 days 4:09 hours

CPU: total 8 (initial active 8) (8 cores per cpu, 1 threads per core) family 6 model 154 stepping 4 microcode 0x433, cx8, cmov, fxsr, mmx, 3dnowpref, sse, sse2, sse3, ssse3, sse4.1, sse4.2, popcnt, lzcnt, tsc, tscinvbit, avx, avx2, aes, erms, clmul, bmi1, bmi2, adx, sha, fma, vzeroupper, clflush, clflushopt, clwb
Processor Information for the first 8 processors :
  Max Mhz: 1200, Current Mhz: 1200, Mhz Limit: 1200

Memory: 4k page, system-wide physical 7933M (601M free)
TotalPageFile size 23153M (AvailPageFile size 2974M)
current process WorkingSet (physical memory assigned to process): 529M, peak: 707M
current process commit charge ("private bytes"): 830M, peak: 841M

vm_info: OpenJDK 64-Bit Server VM (17.0.20.1+1-LTS) for windows-amd64 JRE (17.0.20.1+1-LTS), built on Aug 11 2026 20:17:22 by "MicrosoftCorporation" with MS VC++ 17.14 (VS2022)

END.
